[{"model": "admin.logentry", "pk": 1, "fields": {"action_time": "2023-01-24T01:32:05.033Z", "user": 1, "content_type": 6, "object_id": "1", "object_repr": "Shirt", "action_flag": 1, "change_message": "[{\"added\": {}}]"}}, {"model": "admin.logentry", "pk": 2, "fields": {"action_time": "2023-01-24T01:36:56.023Z", "user": 1, "content_type": 6, "object_id": "2", "object_repr": "T-shirt", "action_flag": 1, "change_message": "[{\"added\": {}}]"}}, {"model": "admin.logentry", "pk": 3, "fields": {"action_time": "2023-01-25T02:38:22.307Z", "user": 1, "content_type": 6, "object_id": "3", "object_repr": "shoes", "action_flag": 1, "change_message": "[{\"added\": {}}]"}}, {"model": "admin.logentry", "pk": 4, "fields": {"action_time": "2023-01-31T13:19:56.641Z", "user": 1, "content_type": 8, "object_id": "1", "object_repr": "jeans", "action_flag": 1, "change_message": "[{\"added\": {}}]"}}, {"model": "admin.logentry", "pk": 5, "fields": {"action_time": "2023-01-31T13:20:27.239Z", "user": 1, "content_type": 9, "object_id": "1", "object_repr": "ATX-jeans", "action_flag": 1, "change_message": "[{\"added\": {}}]"}}, {"model": "admin.logentry", "pk": 6, "fields": {"action_time": "2023-02-03T09:22:51.169Z", "user": 1, "content_type": 9, "object_id": "2", "object_repr": "Mavi-jeans", "action_flag": 1, "change_message": "[{\"added\": {}}]"}}, {"model": "admin.logentry", "pk": 7, "fields": {"action_time": "2023-02-03T09:24:29.390Z", "user": 1, "content_type": 8, "object_id": "2", "object_repr": "shoes", "action_flag": 1, "change_message": "[{\"added\": {}}]"}}, {"model": "admin.logentry", "pk": 8, "fields": {"action_time": "2023-02-03T09:24:31.587Z", "user": 1, "content_type": 9, "object_id": "3", "object_repr": "Puma-ferrari shoes", "action_flag": 1, "change_message": "[{\"added\": {}}]"}}, {"model": "admin.logentry", "pk": 9, "fields": {"action_time": "2023-02-03T09:25:46.453Z", "user": 1, "content_type": 8, "object_id": "3", "object_repr": "jacket", "action_flag": 1, "change_message": "[{\"added\": {}}]"}}, {"model": "admin.logentry", "pk": 10, "fields": {"action_time": "2023-02-03T09:25:48.428Z", "user": 1, "content_type": 9, "object_id": "4", "object_repr": "Us polo assn jacket", "action_flag": 1, "change_message": "[{\"added\": {}}]"}}, {"model": "admin.logentry", "pk": 11, "fields": {"action_time": "2023-02-03T09:27:21.023Z", "user": 1, "content_type": 9, "object_id": "5", "object_repr": "jordan shoe", "action_flag": 1, "change_message": "[{\"added\": {}}]"}}, {"model": "admin.logentry", "pk": 12, "fields": {"action_time": "2023-02-03T16:47:06.266Z", "user": 1, "content_type": 9, "object_id": "5", "object_repr": "jordan shoe", "action_flag": 2, "change_message": "[{\"changed\": {\"fields\": [\"Price\"]}}]"}}, {"model": "admin.logentry", "pk": 13, "fields": {"action_time": "2023-02-08T01:41:47.918Z", "user": 1, "content_type": 9, "object_id": "5", "object_repr": "jordan shoe", "action_flag": 2, "change_message": "[{\"changed\": {\"fields\": [\"Stock\"]}}]"}}, {"model": "admin.logentry", "pk": 14, "fields": {"action_time": "2023-05-31T20:57:18.364Z", "user": 1, "content_type": 7, "object_id": "4", "object_repr": "ruhi.jesira2@gmail.com", "action_flag": 2, "change_message": "[{\"changed\": {\"fields\": [\"Is active\"]}}]"}}, {"model": "admin.logentry", "pk": 15, "fields": {"action_time": "2023-06-06T16:02:52.529Z", "user": 1, "content_type": 7, "object_id": "2", "object_repr": "ruhi.jesira@gmail.com", "action_flag": 3, "change_message": ""}}, {"model": "admin.logentry", "pk": 16, "fields": {"action_time": "2023-06-08T15:27:26.334Z", "user": 1, "content_type": 7, "object_id": "5", "object_repr": "ruhi.jesira@gmail.com", "action_flag": 3, "change_message": ""}}, {"model": "admin.logentry", "pk": 17, "fields": {"action_time": "2023-06-08T15:29:45.922Z", "user": 1, "content_type": 7, "object_id": "6", "object_repr": "ruhi.jesira@gmail.com", "action_flag": 3, "change_message": ""}}, {"model": "admin.logentry", "pk": 18, "fields": {"action_time": "2023-06-08T15:33:27.750Z", "user": 1, "content_type": 7, "object_id": "7", "object_repr": "ruhi.jesira@gmail.com", "action_flag": 3, "change_message": ""}}, {"model": "admin.logentry", "pk": 19, "fields": {"action_time": "2023-06-08T15:36:13.184Z", "user": 1, "content_type": 7, "object_id": "8", "object_repr": "ruhi.jesira@gmail.com", "action_flag": 3, "change_message": ""}}, {"model": "admin.logentry", "pk": 20, "fields": {"action_time": "2023-06-08T15:38:07.883Z", "user": 1, "content_type": 7, "object_id": "9", "object_repr": "ruhi.jesira@gmail.com", "action_flag": 3, "change_message": ""}}, {"model": "admin.logentry", "pk": 21, "fields": {"action_time": "2023-06-08T15:54:57.328Z", "user": 1, "content_type": 7, "object_id": "10", "object_repr": "ruhi.jesira@gmail.com", "action_flag": 3, "change_message": ""}}, {"model": "admin.logentry", "pk": 22, "fields": {"action_time": "2023-06-08T16:07:23.823Z", "user": 1, "content_type": 7, "object_id": "12", "object_repr": "ruhi.jesira@gmail.com", "action_flag": 3, "change_message": ""}}, {"model": "admin.logentry", "pk": 23, "fields": {"action_time": "2023-06-08T16:13:40.978Z", "user": 1, "content_type": 7, "object_id": "13", "object_repr": "ruhi.jesira@gmail.com", "action_flag": 3, "change_message": ""}}, {"model": "admin.logentry", "pk": 24, "fields": {"action_time": "2023-06-08T16:13:40.989Z", "user": 1, "content_type": 7, "object_id": "11", "object_repr": "jesira.share@gmail.com", "action_flag": 3, "change_message": ""}}, {"model": "admin.logentry", "pk": 25, "fields": {"action_time": "2023-06-08T16:13:40.994Z", "user": 1, "content_type": 7, "object_id": "3", "object_repr": "mr2chowd@uwaterloo.ca", "action_flag": 3, "change_message": ""}}, {"model": "admin.logentry", "pk": 26, "fields": {"action_time": "2023-06-15T05:52:32.047Z", "user": 1, "content_type": 7, "object_id": "15", "object_repr": "mr2chowd@uwaterloo.ca", "action_flag": 3, "change_message": ""}}, {"model": "admin.logentry", "pk": 27, "fields": {"action_time": "2023-06-15T05:52:32.052Z", "user": 1, "content_type": 7, "object_id": "14", "object_repr": "ruhi.jesira@gmail.com", "action_flag": 3, "change_message": ""}}, {"model": "admin.logentry", "pk": 28, "fields": {"action_time": "2023-06-15T05:52:32.058Z", "user": 1, "content_type": 7, "object_id": "4", "object_repr": "ruhi.jesira2@gmail.com", "action_flag": 3, "change_message": ""}}, {"model": "admin.logentry", "pk": 29, "fields": {"action_time": "2023-06-15T05:57:44.660Z", "user": 1, "content_type": 7, "object_id": "17", "object_repr": "ruhi.jesira2@gmail.com", "action_flag": 3, "change_message": ""}}, {"model": "admin.logentry", "pk": 30, "fields": {"action_time": "2023-06-15T05:57:44.666Z", "user": 1, "content_type": 7, "object_id": "16", "object_repr": "ruhi.jesira@gmail.com", "action_flag": 3, "change_message": ""}}, {"model": "admin.logentry", "pk": 31, "fields": {"action_time": "2023-06-15T06:04:58.177Z", "user": 1, "content_type": 7, "object_id": "18", "object_repr": "ruhi.jesira@gmail.com", "action_flag": 3, "change_message": ""}}, {"model": "admin.logentry", "pk": 32, "fields": {"action_time": "2023-06-15T06:28:33.044Z", "user": 1, "content_type": 7, "object_id": "19", "object_repr": "ruhi.jesira@gmail.com", "action_flag": 3, "change_message": ""}}, {"model": "admin.logentry", "pk": 33, "fields": {"action_time": "2023-06-15T06:39:49.668Z", "user": 1, "content_type": 7, "object_id": "20", "object_repr": "ruhi.jesira@gmail.com", "action_flag": 3, "change_message": ""}}, {"model": "admin.logentry", "pk": 34, "fields": {"action_time": "2023-06-15T06:47:03.305Z", "user": 1, "content_type": 7, "object_id": "21", "object_repr": "ruhi.jesira@gmail.com", "action_flag": 3, "change_message": ""}}, {"model": "admin.logentry", "pk": 35, "fields": {"action_time": "2023-06-15T06:49:59.776Z", "user": 1, "content_type": 7, "object_id": "22", "object_repr": "ruhi.jesira@gmail.com", "action_flag": 3, "change_message": ""}}, {"model": "admin.logentry", "pk": 36, "fields": {"action_time": "2023-06-15T06:51:44.038Z", "user": 1, "content_type": 7, "object_id": "23", "object_repr": "ruhi.jesira@gmail.com", "action_flag": 3, "change_message": ""}}, {"model": "admin.logentry", "pk": 37, "fields": {"action_time": "2023-06-15T06:58:36.588Z", "user": 1, "content_type": 7, "object_id": "24", "object_repr": "ruhi.jesira@gmail.com", "action_flag": 3, "change_message": ""}}, {"model": "admin.logentry", "pk": 38, "fields": {"action_time": "2023-06-15T07:00:43.680Z", "user": 1, "content_type": 7, "object_id": "25", "object_repr": "ruhi.jesira@gmail.com", "action_flag": 3, "change_message": ""}}, {"model": "admin.logentry", "pk": 39, "fields": {"action_time": "2023-06-15T07:02:36.663Z", "user": 1, "content_type": 7, "object_id": "26", "object_repr": "ruhi.jesira@gmail.com", "action_flag": 3, "change_message": ""}}, {"model": "admin.logentry", "pk": 40, "fields": {"action_time": "2023-06-16T06:04:59.092Z", "user": 1, "content_type": 7, "object_id": "27", "object_repr": "ruhi.jesira@gmail.com", "action_flag": 3, "change_message": ""}}, {"model": "admin.logentry", "pk": 41, "fields": {"action_time": "2023-07-18T20:14:05.867Z", "user": 1, "content_type": 11, "object_id": "74", "object_repr": "CartItem object (74)", "action_flag": 3, "change_message": ""}}, {"model": "admin.logentry", "pk": 42, "fields": {"action_time": "2023-07-18T20:14:05.875Z", "user": 1, "content_type": 11, "object_id": "73", "object_repr": "CartItem object (73)", "action_flag": 3, "change_message": ""}}, {"model": "admin.logentry", "pk": 43, "fields": {"action_time": "2023-07-18T20:14:05.882Z", "user": 1, "content_type": 11, "object_id": "72", "object_repr": "CartItem object (72)", "action_flag": 3, "change_message": ""}}, {"model": "admin.logentry", "pk": 44, "fields": {"action_time": "2023-07-18T20:14:05.891Z", "user": 1, "content_type": 11, "object_id": "71", "object_repr": "CartItem object (71)", "action_flag": 3, "change_message": ""}}, {"model": "admin.logentry", "pk": 45, "fields": {"action_time": "2023-07-18T20:14:05.898Z", "user": 1, "content_type": 11, "object_id": "70", "object_repr": "CartItem object (70)", "action_flag": 3, "change_message": ""}}, {"model": "admin.logentry", "pk": 46, "fields": {"action_time": "2023-07-18T20:14:05.903Z", "user": 1, "content_type": 11, "object_id": "69", "object_repr": "CartItem object (69)", "action_flag": 3, "change_message": ""}}, {"model": "admin.logentry", "pk": 47, "fields": {"action_time": "2023-07-18T20:14:05.911Z", "user": 1, "content_type": 11, "object_id": "67", "object_repr": "CartItem object (67)", "action_flag": 3, "change_message": ""}}, {"model": "admin.logentry", "pk": 48, "fields": {"action_time": "2023-07-18T20:14:05.917Z", "user": 1, "content_type": 11, "object_id": "66", "object_repr": "CartItem object (66)", "action_flag": 3, "change_message": ""}}, {"model": "admin.logentry", "pk": 49, "fields": {"action_time": "2023-07-18T20:14:05.923Z", "user": 1, "content_type": 11, "object_id": "65", "object_repr": "CartItem object (65)", "action_flag": 3, "change_message": ""}}, {"model": "admin.logentry", "pk": 50, "fields": {"action_time": "2023-07-18T20:14:05.931Z", "user": 1, "content_type": 11, "object_id": "64", "object_repr": "CartItem object (64)", "action_flag": 3, "change_message": ""}}, {"model": "admin.logentry", "pk": 51, "fields": {"action_time": "2023-07-18T20:14:05.940Z", "user": 1, "content_type": 11, "object_id": "63", "object_repr": "CartItem object (63)", "action_flag": 3, "change_message": ""}}, {"model": "admin.logentry", "pk": 52, "fields": {"action_time": "2023-07-18T20:14:05.948Z", "user": 1, "content_type": 11, "object_id": "60", "object_repr": "CartItem object (60)", "action_flag": 3, "change_message": ""}}, {"model": "admin.logentry", "pk": 53, "fields": {"action_time": "2023-07-18T20:14:05.956Z", "user": 1, "content_type": 11, "object_id": "59", "object_repr": "CartItem object (59)", "action_flag": 3, "change_message": ""}}, {"model": "admin.logentry", "pk": 54, "fields": {"action_time": "2023-07-18T20:14:05.965Z", "user": 1, "content_type": 11, "object_id": "58", "object_repr": "CartItem object (58)", "action_flag": 3, "change_message": ""}}, {"model": "admin.logentry", "pk": 55, "fields": {"action_time": "2023-07-18T20:14:05.970Z", "user": 1, "content_type": 11, "object_id": "57", "object_repr": "CartItem object (57)", "action_flag": 3, "change_message": ""}}, {"model": "admin.logentry", "pk": 56, "fields": {"action_time": "2023-07-18T20:14:05.975Z", "user": 1, "content_type": 11, "object_id": "56", "object_repr": "CartItem object (56)", "action_flag": 3, "change_message": ""}}, {"model": "admin.logentry", "pk": 57, "fields": {"action_time": "2023-07-18T20:14:05.980Z", "user": 1, "content_type": 11, "object_id": "55", "object_repr": "CartItem object (55)", "action_flag": 3, "change_message": ""}}, {"model": "admin.logentry", "pk": 58, "fields": {"action_time": "2023-07-18T20:14:05.986Z", "user": 1, "content_type": 11, "object_id": "50", "object_repr": "CartItem object (50)", "action_flag": 3, "change_message": ""}}, {"model": "admin.logentry", "pk": 59, "fields": {"action_time": "2023-07-18T20:14:05.993Z", "user": 1, "content_type": 11, "object_id": "49", "object_repr": "CartItem object (49)", "action_flag": 3, "change_message": ""}}, {"model": "admin.logentry", "pk": 60, "fields": {"action_time": "2023-07-18T20:14:05.999Z", "user": 1, "content_type": 11, "object_id": "48", "object_repr": "CartItem object (48)", "action_flag": 3, "change_message": ""}}, {"model": "admin.logentry", "pk": 61, "fields": {"action_time": "2023-07-18T20:14:06.006Z", "user": 1, "content_type": 11, "object_id": "47", "object_repr": "CartItem object (47)", "action_flag": 3, "change_message": ""}}, {"model": "admin.logentry", "pk": 62, "fields": {"action_time": "2023-07-18T20:14:06.013Z", "user": 1, "content_type": 11, "object_id": "39", "object_repr": "CartItem object (39)", "action_flag": 3, "change_message": ""}}, {"model": "admin.logentry", "pk": 63, "fields": {"action_time": "2023-07-18T20:14:06.020Z", "user": 1, "content_type": 11, "object_id": "38", "object_repr": "CartItem object (38)", "action_flag": 3, "change_message": ""}}, {"model": "admin.logentry", "pk": 64, "fields": {"action_time": "2023-07-18T20:14:06.031Z", "user": 1, "content_type": 11, "object_id": "36", "object_repr": "CartItem object (36)", "action_flag": 3, "change_message": ""}}, {"model": "admin.logentry", "pk": 65, "fields": {"action_time": "2023-07-18T20:14:06.036Z", "user": 1, "content_type": 11, "object_id": "34", "object_repr": "CartItem object (34)", "action_flag": 3, "change_message": ""}}, {"model": "admin.logentry", "pk": 66, "fields": {"action_time": "2023-07-18T20:14:06.041Z", "user": 1, "content_type": 11, "object_id": "33", "object_repr": "CartItem object (33)", "action_flag": 3, "change_message": ""}}, {"model": "admin.logentry", "pk": 67, "fields": {"action_time": "2023-07-18T20:14:06.046Z", "user": 1, "content_type": 11, "object_id": "32", "object_repr": "CartItem object (32)", "action_flag": 3, "change_message": ""}}, {"model": "admin.logentry", "pk": 68, "fields": {"action_time": "2023-07-18T20:14:06.052Z", "user": 1, "content_type": 11, "object_id": "29", "object_repr": "CartItem object (29)", "action_flag": 3, "change_message": ""}}, {"model": "admin.logentry", "pk": 69, "fields": {"action_time": "2023-07-18T20:14:06.059Z", "user": 1, "content_type": 11, "object_id": "28", "object_repr": "CartItem object (28)", "action_flag": 3, "change_message": ""}}, {"model": "admin.logentry", "pk": 70, "fields": {"action_time": "2023-07-18T20:14:06.065Z", "user": 1, "content_type": 11, "object_id": "18", "object_repr": "CartItem object (18)", "action_flag": 3, "change_message": ""}}, {"model": "admin.logentry", "pk": 71, "fields": {"action_time": "2023-07-18T20:14:06.071Z", "user": 1, "content_type": 11, "object_id": "16", "object_repr": "CartItem object (16)", "action_flag": 3, "change_message": ""}}, {"model": "admin.logentry", "pk": 72, "fields": {"action_time": "2023-07-18T20:14:06.078Z", "user": 1, "content_type": 11, "object_id": "15", "object_repr": "CartItem object (15)", "action_flag": 3, "change_message": ""}}, {"model": "admin.logentry", "pk": 73, "fields": {"action_time": "2023-07-18T20:14:06.085Z", "user": 1, "content_type": 11, "object_id": "14", "object_repr": "CartItem object (14)", "action_flag": 3, "change_message": ""}}, {"model": "admin.logentry", "pk": 74, "fields": {"action_time": "2023-07-18T20:14:06.095Z", "user": 1, "content_type": 11, "object_id": "13", "object_repr": "CartItem object (13)", "action_flag": 3, "change_message": ""}}, {"model": "admin.logentry", "pk": 75, "fields": {"action_time": "2023-07-18T20:14:06.100Z", "user": 1, "content_type": 11, "object_id": "12", "object_repr": "CartItem object (12)", "action_flag": 3, "change_message": ""}}, {"model": "admin.logentry", "pk": 76, "fields": {"action_time": "2023-07-18T20:14:06.105Z", "user": 1, "content_type": 11, "object_id": "11", "object_repr": "CartItem object (11)", "action_flag": 3, "change_message": ""}}, {"model": "admin.logentry", "pk": 77, "fields": {"action_time": "2023-07-18T20:14:06.110Z", "user": 1, "content_type": 11, "object_id": "10", "object_repr": "CartItem object (10)", "action_flag": 3, "change_message": ""}}, {"model": "admin.logentry", "pk": 78, "fields": {"action_time": "2023-07-18T20:14:06.116Z", "user": 1, "content_type": 11, "object_id": "9", "object_repr": "CartItem object (9)", "action_flag": 3, "change_message": ""}}, {"model": "admin.logentry", "pk": 79, "fields": {"action_time": "2023-07-18T20:14:06.122Z", "user": 1, "content_type": 11, "object_id": "6", "object_repr": "CartItem object (6)", "action_flag": 3, "change_message": ""}}, {"model": "admin.logentry", "pk": 80, "fields": {"action_time": "2023-07-18T20:14:29.838Z", "user": 1, "content_type": 10, "object_id": "36", "object_repr": "bztuedq0sjo27ryt0v6a9mbfvn97k58f", "action_flag": 3, "change_message": ""}}, {"model": "admin.logentry", "pk": 81, "fields": {"action_time": "2023-07-18T20:14:29.846Z", "user": 1, "content_type": 10, "object_id": "35", "object_repr": "wmhsxy93oam0lzly1n9ynzbdsgiszra9", "action_flag": 3, "change_message": ""}}, {"model": "admin.logentry", "pk": 82, "fields": {"action_time": "2023-07-18T20:14:29.856Z", "user": 1, "content_type": 10, "object_id": "34", "object_repr": "rtcgro5uny7myvyef1mmplavb1o1xxxc", "action_flag": 3, "change_message": ""}}, {"model": "admin.logentry", "pk": 83, "fields": {"action_time": "2023-07-18T20:14:29.863Z", "user": 1, "content_type": 10, "object_id": "33", "object_repr": "fesu8kms1ql59j1a8d9rw1wl44potqpd", "action_flag": 3, "change_message": ""}}, {"model": "admin.logentry", "pk": 84, "fields": {"action_time": "2023-07-18T20:14:29.868Z", "user": 1, "content_type": 10, "object_id": "32", "object_repr": "dvkbradnnroxw7w2bk9ecfn7xg6a3vkg", "action_flag": 3, "change_message": ""}}, {"model": "admin.logentry", "pk": 85, "fields": {"action_time": "2023-07-18T20:14:29.874Z", "user": 1, "content_type": 10, "object_id": "31", "object_repr": "yi2dl47y2r6g3mkvjpfn6jqp8izik1wm", "action_flag": 3, "change_message": ""}}, {"model": "admin.logentry", "pk": 86, "fields": {"action_time": "2023-07-18T20:14:29.883Z", "user": 1, "content_type": 10, "object_id": "30", "object_repr": "umn4nhwe342l5zjpf863k2l89vmgnquh", "action_flag": 3, "change_message": ""}}, {"model": "admin.logentry", "pk": 87, "fields": {"action_time": "2023-07-18T20:14:29.889Z", "user": 1, "content_type": 10, "object_id": "29", "object_repr": "cxltkk0qvbi956qdptl76lzeacjqpd3x", "action_flag": 3, "change_message": ""}}, {"model": "admin.logentry", "pk": 88, "fields": {"action_time": "2023-07-18T20:14:29.897Z", "user": 1, "content_type": 10, "object_id": "28", "object_repr": "ld2fry6flkkantin2d66w0dta6b5m4pl", "action_flag": 3, "change_message": ""}}, {"model": "admin.logentry", "pk": 89, "fields": {"action_time": "2023-07-18T20:14:29.904Z", "user": 1, "content_type": 10, "object_id": "27", "object_repr": "j2lfmiqu59ia04xf5pvn9esgx2mtqgj9", "action_flag": 3, "change_message": ""}}, {"model": "admin.logentry", "pk": 90, "fields": {"action_time": "2023-07-18T20:14:29.912Z", "user": 1, "content_type": 10, "object_id": "26", "object_repr": "87sl9srlypnmk3jxjfa38upvucd1qvk2", "action_flag": 3, "change_message": ""}}, {"model": "admin.logentry", "pk": 91, "fields": {"action_time": "2023-07-18T20:14:29.920Z", "user": 1, "content_type": 10, "object_id": "25", "object_repr": "8qmzs8j064ycz1s3jag07fzdv43hf78u", "action_flag": 3, "change_message": ""}}, {"model": "admin.logentry", "pk": 92, "fields": {"action_time": "2023-07-18T20:14:29.928Z", "user": 1, "content_type": 10, "object_id": "24", "object_repr": "c65pduagzslpx4gu2x6alesesqj8i1pc", "action_flag": 3, "change_message": ""}}, {"model": "admin.logentry", "pk": 93, "fields": {"action_time": "2023-07-18T20:14:29.935Z", "user": 1, "content_type": 10, "object_id": "23", "object_repr": "qz2yvd97c5o542pgwlglxkmd20g0rjqf", "action_flag": 3, "change_message": ""}}, {"model": "admin.logentry", "pk": 94, "fields": {"action_time": "2023-07-18T20:14:29.940Z", "user": 1, "content_type": 10, "object_id": "22", "object_repr": "lew8xw2vxmjx9e8oc61oy913t4amxzgw", "action_flag": 3, "change_message": ""}}, {"model": "admin.logentry", "pk": 95, "fields": {"action_time": "2023-07-18T20:14:29.946Z", "user": 1, "content_type": 10, "object_id": "21", "object_repr": "zqihbzgqbrbseqbs5i6p6hmfyquql8tq", "action_flag": 3, "change_message": ""}}, {"model": "admin.logentry", "pk": 96, "fields": {"action_time": "2023-07-18T20:14:29.952Z", "user": 1, "content_type": 10, "object_id": "20", "object_repr": "63e7hcz8j5pkyzwe7m17fbl0q2oa5754", "action_flag": 3, "change_message": ""}}, {"model": "admin.logentry", "pk": 97, "fields": {"action_time": "2023-07-18T20:14:29.961Z", "user": 1, "content_type": 10, "object_id": "19", "object_repr": "8zk51ylbz6155n0jqzbjhulcdrip5q0c", "action_flag": 3, "change_message": ""}}, {"model": "admin.logentry", "pk": 98, "fields": {"action_time": "2023-07-18T20:14:29.972Z", "user": 1, "content_type": 10, "object_id": "18", "object_repr": "ne9m3u4eq3rn3atk704pk0q4flmciwx1", "action_flag": 3, "change_message": ""}}, {"model": "admin.logentry", "pk": 99, "fields": {"action_time": "2023-07-18T20:14:29.979Z", "user": 1, "content_type": 10, "object_id": "17", "object_repr": "hpa23noy22yah8ov3vw96vnomy8go16u", "action_flag": 3, "change_message": ""}}, {"model": "admin.logentry", "pk": 100, "fields": {"action_time": "2023-07-18T20:14:29.987Z", "user": 1, "content_type": 10, "object_id": "16", "object_repr": "ifgyj5l2g9bey5gg0aw7msfp29m3vv72", "action_flag": 3, "change_message": ""}}, {"model": "admin.logentry", "pk": 101, "fields": {"action_time": "2023-07-18T20:14:29.995Z", "user": 1, "content_type": 10, "object_id": "15", "object_repr": "10zj3syocs4clnliyemqzeu546ny6wyk", "action_flag": 3, "change_message": ""}}, {"model": "admin.logentry", "pk": 102, "fields": {"action_time": "2023-07-18T20:14:30.005Z", "user": 1, "content_type": 10, "object_id": "14", "object_repr": "9yf2deu4rsjqxmx914sou48k95pgr9oy", "action_flag": 3, "change_message": ""}}, {"model": "admin.logentry", "pk": 103, "fields": {"action_time": "2023-07-18T20:14:30.021Z", "user": 1, "content_type": 10, "object_id": "13", "object_repr": "cpfxlrk0c3x6jvypv30ixmmdd1n885dy", "action_flag": 3, "change_message": ""}}, {"model": "admin.logentry", "pk": 104, "fields": {"action_time": "2023-07-18T20:14:30.032Z", "user": 1, "content_type": 10, "object_id": "12", "object_repr": "v8xwf2mw4j4n84ub1bvdfwx7nzp8ceh6", "action_flag": 3, "change_message": ""}}, {"model": "admin.logentry", "pk": 105, "fields": {"action_time": "2023-07-18T20:14:30.039Z", "user": 1, "content_type": 10, "object_id": "11", "object_repr": "76zg5m66uyfvcactyiclh2avwbaxdvhu", "action_flag": 3, "change_message": ""}}, {"model": "admin.logentry", "pk": 106, "fields": {"action_time": "2023-07-18T20:14:30.048Z", "user": 1, "content_type": 10, "object_id": "10", "object_repr": "u7zash1g29zfsu2miqs5pxdmxgiiqey2", "action_flag": 3, "change_message": ""}}, {"model": "admin.logentry", "pk": 107, "fields": {"action_time": "2023-07-18T20:14:30.054Z", "user": 1, "content_type": 10, "object_id": "9", "object_repr": "sni8jivyl29wlgdy1wmidfq1v4iyu0wo", "action_flag": 3, "change_message": ""}}, {"model": "admin.logentry", "pk": 108, "fields": {"action_time": "2023-07-18T20:14:30.061Z", "user": 1, "content_type": 10, "object_id": "8", "object_repr": "qt59wg29t609yrie9h077asjhcm0i1dv", "action_flag": 3, "change_message": ""}}, {"model": "admin.logentry", "pk": 109, "fields": {"action_time": "2023-07-18T20:14:30.068Z", "user": 1, "content_type": 10, "object_id": "7", "object_repr": "lwxmh3dsycvrgqcr79bl3zccsl6jq666", "action_flag": 3, "change_message": ""}}, {"model": "admin.logentry", "pk": 110, "fields": {"action_time": "2023-07-18T20:14:30.076Z", "user": 1, "content_type": 10, "object_id": "6", "object_repr": "qw44i8vs1fmin4njinrpk6bvnmkaukt0", "action_flag": 3, "change_message": ""}}, {"model": "admin.logentry", "pk": 111, "fields": {"action_time": "2023-07-18T20:14:30.084Z", "user": 1, "content_type": 10, "object_id": "5", "object_repr": "pmebggko5kklo0xy4rgz28eytgpn8xvy", "action_flag": 3, "change_message": ""}}, {"model": "admin.logentry", "pk": 112, "fields": {"action_time": "2023-07-18T20:14:30.093Z", "user": 1, "content_type": 10, "object_id": "4", "object_repr": "fj45qanabfwlymh6t2wjj1cja0fsr72m", "action_flag": 3, "change_message": ""}}, {"model": "admin.logentry", "pk": 113, "fields": {"action_time": "2023-07-18T20:14:30.111Z", "user": 1, "content_type": 10, "object_id": "3", "object_repr": "kowt1ukt7tttjyw70bgljp1xpkdkiopo", "action_flag": 3, "change_message": ""}}, {"model": "admin.logentry", "pk": 114, "fields": {"action_time": "2023-07-18T20:14:30.123Z", "user": 1, "content_type": 10, "object_id": "2", "object_repr": "ehic2tpuclehv7ve64gtvuk40xxuj1qm", "action_flag": 3, "change_message": ""}}, {"model": "admin.logentry", "pk": 115, "fields": {"action_time": "2023-07-18T20:14:30.135Z", "user": 1, "content_type": 10, "object_id": "1", "object_repr": "h87zaia82yb6i2mdqdye0o6t8jbxaipw", "action_flag": 3, "change_message": ""}}, {"model": "admin.logentry", "pk": 116, "fields": {"action_time": "2023-07-18T23:55:38.304Z", "user": 1, "content_type": 11, "object_id": "80", "object_repr": "CartItem object (80)", "action_flag": 3, "change_message": ""}}, {"model": "admin.logentry", "pk": 117, "fields": {"action_time": "2023-07-18T23:55:38.312Z", "user": 1, "content_type": 11, "object_id": "79", "object_repr": "CartItem object (79)", "action_flag": 3, "change_message": ""}}, {"model": "admin.logentry", "pk": 118, "fields": {"action_time": "2023-07-18T23:55:38.317Z", "user": 1, "content_type": 11, "object_id": "78", "object_repr": "CartItem object (78)", "action_flag": 3, "change_message": ""}}, {"model": "admin.logentry", "pk": 119, "fields": {"action_time": "2023-07-18T23:55:38.322Z", "user": 1, "content_type": 11, "object_id": "76", "object_repr": "CartItem object (76)", "action_flag": 3, "change_message": ""}}, {"model": "admin.logentry", "pk": 120, "fields": {"action_time": "2023-07-18T23:55:38.331Z", "user": 1, "content_type": 11, "object_id": "75", "object_repr": "CartItem object (75)", "action_flag": 3, "change_message": ""}}, {"model": "admin.logentry", "pk": 121, "fields": {"action_time": "2023-07-18T23:55:49.700Z", "user": 1, "content_type": 10, "object_id": "39", "object_repr": "nerfrbarm1quvn5g0h88t5r8o0s868p4", "action_flag": 3, "change_message": ""}}, {"model": "admin.logentry", "pk": 122, "fields": {"action_time": "2023-07-18T23:55:49.712Z", "user": 1, "content_type": 10, "object_id": "38", "object_repr": "bn05165csgxpwx2xe6ophudlyx9vtu0w", "action_flag": 3, "change_message": ""}}, {"model": "admin.logentry", "pk": 123, "fields": {"action_time": "2023-07-18T23:55:49.717Z", "user": 1, "content_type": 10, "object_id": "37", "object_repr": "4e2up32p4sznqdfjw77j55ijs0p5k4ew", "action_flag": 3, "change_message": ""}}, {"model": "admin.logentry", "pk": 124, "fields": {"action_time": "2023-07-19T00:04:35.547Z", "user": 1, "content_type": 11, "object_id": "86", "object_repr": "CartItem object (86)", "action_flag": 3, "change_message": ""}}, {"model": "admin.logentry", "pk": 125, "fields": {"action_time": "2023-07-19T00:04:35.554Z", "user": 1, "content_type": 11, "object_id": "85", "object_repr": "CartItem object (85)", "action_flag": 3, "change_message": ""}}, {"model": "admin.logentry", "pk": 126, "fields": {"action_time": "2023-07-19T00:04:35.562Z", "user": 1, "content_type": 11, "object_id": "84", "object_repr": "CartItem object (84)", "action_flag": 3, "change_message": ""}}, {"model": "admin.logentry", "pk": 127, "fields": {"action_time": "2023-07-19T00:04:35.567Z", "user": 1, "content_type": 11, "object_id": "83", "object_repr": "CartItem object (83)", "action_flag": 3, "change_message": ""}}, {"model": "admin.logentry", "pk": 128, "fields": {"action_time": "2023-07-19T00:04:35.572Z", "user": 1, "content_type": 11, "object_id": "82", "object_repr": "CartItem object (82)", "action_flag": 3, "change_message": ""}}, {"model": "admin.logentry", "pk": 129, "fields": {"action_time": "2023-07-19T00:04:35.578Z", "user": 1, "content_type": 11, "object_id": "81", "object_repr": "CartItem object (81)", "action_flag": 3, "change_message": ""}}, {"model": "admin.logentry", "pk": 130, "fields": {"action_time": "2023-07-19T00:04:41.479Z", "user": 1, "content_type": 10, "object_id": "40", "object_repr": "jf4nwi9nntnpxhzuhesovamgqalzuq3j", "action_flag": 3, "change_message": ""}}, {"model": "admin.logentry", "pk": 131, "fields": {"action_time": "2023-07-19T21:23:40.057Z", "user": 1, "content_type": 7, "object_id": "28", "object_repr": "ruhi.jesira@gmail.com", "action_flag": 3, "change_message": ""}}, {"model": "admin.logentry", "pk": 132, "fields": {"action_time": "2023-07-19T21:24:14.044Z", "user": 1, "content_type": 11, "object_id": "92", "object_repr": "CartItem object (92)", "action_flag": 3, "change_message": ""}}, {"model": "admin.logentry", "pk": 133, "fields": {"action_time": "2023-07-19T21:24:14.049Z", "user": 1, "content_type": 11, "object_id": "91", "object_repr": "CartItem object (91)", "action_flag": 3, "change_message": ""}}, {"model": "admin.logentry", "pk": 134, "fields": {"action_time": "2023-07-19T21:24:14.055Z", "user": 1, "content_type": 11, "object_id": "88", "object_repr": "CartItem object (88)", "action_flag": 3, "change_message": ""}}, {"model": "admin.logentry", "pk": 135, "fields": {"action_time": "2023-07-19T21:24:14.061Z", "user": 1, "content_type": 11, "object_id": "87", "object_repr": "CartItem object (87)", "action_flag": 3, "change_message": ""}}, {"model": "admin.logentry", "pk": 136, "fields": {"action_time": "2023-07-19T21:24:23.656Z", "user": 1, "content_type": 10, "object_id": "44", "object_repr": "kyviaw4w4mmfgvh7yme8k874i3tfhr0b", "action_flag": 3, "change_message": ""}}, {"model": "admin.logentry", "pk": 137, "fields": {"action_time": "2023-07-19T21:24:23.665Z", "user": 1, "content_type": 10, "object_id": "43", "object_repr": "ljkph35e7h3hwicmb6b9h499ilvtr54w", "action_flag": 3, "change_message": ""}}, {"model": "admin.logentry", "pk": 138, "fields": {"action_time": "2023-07-19T21:24:23.674Z", "user": 1, "content_type": 10, "object_id": "42", "object_repr": "ebfso13em3ygwcpt1kaqlgx585j2l6t0", "action_flag": 3, "change_message": ""}}, {"model": "admin.logentry", "pk": 139, "fields": {"action_time": "2023-07-19T21:24:23.685Z", "user": 1, "content_type": 10, "object_id": "41", "object_repr": "1dc8a95kw6vt49a8tdbhimvweitrs2yy", "action_flag": 3, "change_message": ""}}, {"model": "admin.logentry", "pk": 140, "fields": {"action_time": "2023-07-19T21:32:17.196Z", "user": 1, "content_type": 7, "object_id": "29", "object_repr": "ruhi.jesira@gmail.com", "action_flag": 3, "change_message": ""}}, {"model": "auth.permission", "pk": 1, "fields": {"name": "Can add log entry", "content_type": 1, "codename": "add_logentry"}}, {"model": "auth.permission", "pk": 2, "fields": {"name": "Can change log entry", "content_type": 1, "codename": "change_logentry"}}, {"model": "auth.permission", "pk": 3, "fields": {"name": "Can delete log entry", "content_type": 1, "codename": "delete_logentry"}}, {"model": "auth.permission", "pk": 4, "fields": {"name": "Can view log entry", "content_type": 1, "codename": "view_logentry"}}, {"model": "auth.permission", "pk": 5, "fields": {"name": "Can add permission", "content_type": 2, "codename": "add_permission"}}, {"model": "auth.permission", "pk": 6, "fields": {"name": "Can change permission", "content_type": 2, "codename": "change_permission"}}, {"model": "auth.permission", "pk": 7, "fields": {"name": "Can delete permission", "content_type": 2, "codename": "delete_permission"}}, {"model": "auth.permission", "pk": 8, "fields": {"name": "Can view permission", "content_type": 2, "codename": "view_permission"}}, {"model": "auth.permission", "pk": 9, "fields": {"name": "Can add group", "content_type": 3, "codename": "add_group"}}, {"model": "auth.permission", "pk": 10, "fields": {"name": "Can change group", "content_type": 3, "codename": "change_group"}}, {"model": "auth.permission", "pk": 11, "fields": {"name": "Can delete group", "content_type": 3, "codename": "delete_group"}}, {"model": "auth.permission", "pk": 12, "fields": {"name": "Can view group", "content_type": 3, "codename": "view_group"}}, {"model": "auth.permission", "pk": 13, "fields": {"name": "Can add content type", "content_type": 4, "codename": "add_contenttype"}}, {"model": "auth.permission", "pk": 14, "fields": {"name": "Can change content type", "content_type": 4, "codename": "change_contenttype"}}, {"model": "auth.permission", "pk": 15, "fields": {"name": "Can delete content type", "content_type": 4, "codename": "delete_contenttype"}}, {"model": "auth.permission", "pk": 16, "fields": {"name": "Can view content type", "content_type": 4, "codename": "view_contenttype"}}, {"model": "auth.permission", "pk": 17, "fields": {"name": "Can add session", "content_type": 5, "codename": "add_session"}}, {"model": "auth.permission", "pk": 18, "fields": {"name": "Can change session", "content_type": 5, "codename": "change_session"}}, {"model": "auth.permission", "pk": 19, "fields": {"name": "Can delete session", "content_type": 5, "codename": "delete_session"}}, {"model": "auth.permission", "pk": 20, "fields": {"name": "Can view session", "content_type": 5, "codename": "view_session"}}, {"model": "auth.permission", "pk": 21, "fields": {"name": "Can add category", "content_type": 6, "codename": "add_category"}}, {"model": "auth.permission", "pk": 22, "fields": {"name": "Can change category", "content_type": 6, "codename": "change_category"}}, {"model": "auth.permission", "pk": 23, "fields": {"name": "Can delete category", "content_type": 6, "codename": "delete_category"}}, {"model": "auth.permission", "pk": 24, "fields": {"name": "Can view category", "content_type": 6, "codename": "view_category"}}, {"model": "auth.permission", "pk": 25, "fields": {"name": "Can add account", "content_type": 7, "codename": "add_account"}}, {"model": "auth.permission", "pk": 26, "fields": {"name": "Can change account", "content_type": 7, "codename": "change_account"}}, {"model": "auth.permission", "pk": 27, "fields": {"name": "Can delete account", "content_type": 7, "codename": "delete_account"}}, {"model": "auth.permission", "pk": 28, "fields": {"name": "Can view account", "content_type": 7, "codename": "view_account"}}, {"model": "auth.permission", "pk": 29, "fields": {"name": "Can add category", "content_type": 8, "codename": "add_category"}}, {"model": "auth.permission", "pk": 30, "fields": {"name": "Can change category", "content_type": 8, "codename": "change_category"}}, {"model": "auth.permission", "pk": 31, "fields": {"name": "Can delete category", "content_type": 8, "codename": "delete_category"}}, {"model": "auth.permission", "pk": 32, "fields": {"name": "Can view category", "content_type": 8, "codename": "view_category"}}, {"model": "auth.permission", "pk": 33, "fields": {"name": "Can add product", "content_type": 9, "codename": "add_product"}}, {"model": "auth.permission", "pk": 34, "fields": {"name": "Can change product", "content_type": 9, "codename": "change_product"}}, {"model": "auth.permission", "pk": 35, "fields": {"name": "Can delete product", "content_type": 9, "codename": "delete_product"}}, {"model": "auth.permission", "pk": 36, "fields": {"name": "Can view product", "content_type": 9, "codename": "view_product"}}, {"model": "auth.permission", "pk": 37, "fields": {"name": "Can add cart", "content_type": 10, "codename": "add_cart"}}, {"model": "auth.permission", "pk": 38, "fields": {"name": "Can change cart", "content_type": 10, "codename": "change_cart"}}, {"model": "auth.permission", "pk": 39, "fields": {"name": "Can delete cart", "content_type": 10, "codename": "delete_cart"}}, {"model": "auth.permission", "pk": 40, "fields": {"name": "Can view cart", "content_type": 10, "codename": "view_cart"}}, {"model": "auth.permission", "pk": 41, "fields": {"name": "Can add cart item", "content_type": 11, "codename": "add_cartitem"}}, {"model": "auth.permission", "pk": 42, "fields": {"name": "Can change cart item", "content_type": 11, "codename": "change_cartitem"}}, {"model": "auth.permission", "pk": 43, "fields": {"name": "Can delete cart item", "content_type": 11, "codename": "delete_cartitem"}}, {"model": "auth.permission", "pk": 44, "fields": {"name": "Can view cart item", "content_type": 11, "codename": "view_cartitem"}}, {"model": "auth.permission", "pk": 45, "fields": {"name": "Can add order", "content_type": 12, "codename": "add_order"}}, {"model": "auth.permission", "pk": 46, "fields": {"name": "Can change order", "content_type": 12, "codename": "change_order"}}, {"model": "auth.permission", "pk": 47, "fields": {"name": "Can delete order", "content_type": 12, "codename": "delete_order"}}, {"model": "auth.permission", "pk": 48, "fields": {"name": "Can view order", "content_type": 12, "codename": "view_order"}}, {"model": "auth.permission", "pk": 49, "fields": {"name": "Can add payment", "content_type": 13, "codename": "add_payment"}}, {"model": "auth.permission", "pk": 50, "fields": {"name": "Can change payment", "content_type": 13, "codename": "change_payment"}}, {"model": "auth.permission", "pk": 51, "fields": {"name": "Can delete payment", "content_type": 13, "codename": "delete_payment"}}, {"model": "auth.permission", "pk": 52, "fields": {"name": "Can view payment", "content_type": 13, "codename": "view_payment"}}, {"model": "auth.permission", "pk": 53, "fields": {"name": "Can add order product", "content_type": 14, "codename": "add_orderproduct"}}, {"model": "auth.permission", "pk": 54, "fields": {"name": "Can change order product", "content_type": 14, "codename": "change_orderproduct"}}, {"model": "auth.permission", "pk": 55, "fields": {"name": "Can delete order product", "content_type": 14, "codename": "delete_orderproduct"}}, {"model": "auth.permission", "pk": 56, "fields": {"name": "Can view order product", "content_type": 14, "codename": "view_orderproduct"}}, {"model": "contenttypes.contenttype", "pk": 1, "fields": {"app_label": "admin", "model": "logentry"}}, {"model": "contenttypes.contenttype", "pk": 2, "fields": {"app_label": "auth", "model": "permission"}}, {"model": "contenttypes.contenttype", "pk": 3, "fields": {"app_label": "auth", "model": "group"}}, {"model": "contenttypes.contenttype", "pk": 4, "fields": {"app_label": "contenttypes", "model": "contenttype"}}, {"model": "contenttypes.contenttype", "pk": 5, "fields": {"app_label": "sessions", "model": "session"}}, {"model": "contenttypes.contenttype", "pk": 6, "fields": {"app_label": "catagory", "model": "category"}}, {"model": "contenttypes.contenttype", "pk": 7, "fields": {"app_label": "accounts", "model": "account"}}, {"model": "contenttypes.contenttype", "pk": 8, "fields": {"app_label": "category", "model": "category"}}, {"model": "contenttypes.contenttype", "pk": 9, "fields": {"app_label": "store", "model": "product"}}, {"model": "contenttypes.contenttype", "pk": 10, "fields": {"app_label": "carts", "model": "cart"}}, {"model": "contenttypes.contenttype", "pk": 11, "fields": {"app_label": "carts", "model": "cartitem"}}, {"model": "contenttypes.contenttype", "pk": 12, "fields": {"app_label": "orders", "model": "order"}}, {"model": "contenttypes.contenttype", "pk": 13, "fields": {"app_label": "orders", "model": "payment"}}, {"model": "contenttypes.contenttype", "pk": 14, "fields": {"app_label": "orders", "model": "orderproduct"}}, {"model": "sessions.session", "pk": "38s87v66ewx28q3f4gj9rphxamqnw6j8", "fields": {"session_data": ".eJxVjDsOwjAQRO_iGln-J6akzxkse3eNA8iW4qRC3J1ESgHlzHszbxbitpawdVrCjOzKJLv8dinCk-oB8BHrvXFodV3mxA-Fn7TzqSG9bqf7d1BiL_sa0DtEB4LGZG2WSSEqcGBIeG-Mwmy1TnnYgzbOCDUo6TWNNuvslbPs8wXxzDdd:1pKVay:3JUbcUzgw7qiL0aeXzcXv5566E4G2t21wDwfm3OBROo", "expire_date": "2023-02-08T02:33:04.141Z"}}, {"model": "sessions.session", "pk": "3954g6yh98f0k72tjy3fqe2k5kcx6iw3", "fields": {"session_data": "e30:1qB33p:XgGjHJrFhSfS3Fkv1Qp6s2LtrTmeew-wg2OkW45bcq4", "expire_date": "2023-07-03T00:48:01.405Z"}}, {"model": "sessions.session", "pk": "41suu3j6rcblyba268om8stbmwxhu2ow", "fields": {"session_data": ".eJxVjMsOwiAQRf-FtSHlPbh07zeQAQapGkhKuzL-uzbpQrf3nHNfLOC21rANWsKc2ZlpdvrdIqYHtR3kO7Zb56m3dZkj3xV-0MGvPdPzcrh_BxVH_dYYpYOJAMipCWUBjcIKSx6LEVl5o53MSXkXUYPIRQEUa03UGsk7cuz9AdcfN5M:1q4Ssz:RZG0Oli3pEbSI13oPL6OMWSNTy6SgpF1yBESMmQg3sk", "expire_date": "2023-06-14T20:57:37.314Z"}}, {"model": "sessions.session", "pk": "4cmvhbelziy46hgfwxn1snznoa3khq40", "fields": {"session_data": ".eJxVjDsOwjAQRO_iGln-J6akzxkse3eNA8iW4qRC3J1ESgHlzHszbxbitpawdVrCjOzKJLv8dinCk-oB8BHrvXFodV3mxA-Fn7TzqSG9bqf7d1BiL_sa0DtEB4LGZG2WSSEqcGBIeG-Mwmy1TnnYgzbOCDUo6TWNNuvslbPs8wXxzDdd:1pMqP3:msnC--COJytiNubyCiU3henMlmJumnI71iladSHqiTA", "expire_date": "2023-02-14T13:10:25.803Z"}}, {"model": "sessions.session", "pk": "6cgwql4shklesphi01i65lnvj7mbyrod", "fields": {"session_data": ".eJxVjDsOwjAQRO_iGln-J6akzxkse3eNA8iW4qRC3J1ESgHlzHszbxbitpawdVrCjOzKJLv8dinCk-oB8BHrvXFodV3mxA-Fn7TzqSG9bqf7d1BiL_sa0DtEB4LGZG2WSSEqcGBIeG-Mwmy1TnnYgzbOCDUo6TWNNuvslbPs8wXxzDdd:1pueZW:qXaVWptWski2caFKQMUOzCFJEEThiU9sL4PeYZ-DWp0", "expire_date": "2023-05-18T19:24:58.181Z"}}, {"model": "sessions.session", "pk": "83goke3kc05irsjaqefzweh0t60xvtcy", "fields": {"session_data": ".eJxVjMsOwiAQAP-FsyGU59aj935Ds7BbqRpISnsy_rsh6UGvM5N5ixmPPc9H421eSVyFBnH5hRHTk0s39MByrzLVsm9rlD2Rp21yqsSv29n-DTK23L882LCgI5OsUYZ1NBA9kw3KJsVWRVo8MPnEmpAGDjCCR4ijRQfOic8XGLw4cQ:1qA2bU:wpdcdp9azbFaJsMRLQBJq7zVXacoiwE837BjRwxPXuE", "expire_date": "2023-06-30T06:06:36.603Z"}}, {"model": "sessions.session", "pk": "at0jnvvzurujjoai4xaveyq8xkvthnbc", "fields": {"session_data": ".eJxtjEEOgjAQRe_StWlgKGXq0r1naDrTGYsaSCisjHdXEjYmbv9777_MNmZzNoDmZGLa1hK3Kkv8O1Lih0w7yfc03WbL87QuI9ldsQet9jpneV4O9-egpFq-NTtVDkMgzr7VASmRhwE6BsLQIxCLBM2am4DssCGvKEEcqMe-7Trz_gALQDtf:1qHVlS:yMQlnh0QJ1xRbj5zlVlWMz2sRiL7c91EBf61bnvdy0s", "expire_date": "2023-07-20T20:39:46.014Z"}}, {"model": "sessions.session", "pk": "bl5kdzxvkjexgmhe90t3uwa2skd92rgz", "fields": {"session_data": ".eJxVjDsOwjAQRO_iGln-J6akzxkse3eNA8iW4qRC3J1ESgHlzHszbxbitpawdVrCjOzKJLv8dinCk-oB8BHrvXFodV3mxA-Fn7TzqSG9bqf7d1BiL_sa0DtEB4LGZG2WSSEqcGBIeG-Mwmy1TnnYgzbOCDUo6TWNNuvslbPs8wXxzDdd:1pufD2:YZ4tKGaVHNDSJonqtsc0kn9wAAqUYVBsTy2qRxzuFrU", "expire_date": "2023-05-18T20:05:48.896Z"}}, {"model": "sessions.session", "pk": "cip2f7ywcxj08medqkje9kwfiidsfsvc", "fields": {"session_data": "e30:1q7IGm:eIa15FIlLRq_Zf8EuFi0alqDJS3f3AE4EIMfuO5LGMA", "expire_date": "2023-06-22T16:13:52.776Z"}}, {"model": "sessions.session", "pk": "dcv63lpya3o8ax2z61tizjzn66h7fel3", "fields": {"session_data": "e30:1pmkNI:EK4LK29AARtJ3DrxTXUxsQeklGr3SbR6NR9eIZXzzU0", "expire_date": "2023-04-26T23:59:40.502Z"}}, {"model": "sessions.session", "pk": "ehic2tpuclehv7ve64gtvuk40xxuj1qm", "fields": {"session_data": "e30:1pXOFh:n4sg3Egeiytsd_Xebk9I6SFzNESjRaT2mKkt2e9i8Ac", "expire_date": "2023-03-15T15:20:21.843Z"}}, {"model": "sessions.session", "pk": "ewjn332q3wru171b2mmlblujobi7xro6", "fields": {"session_data": ".eJxVjDsOwjAQRO_iGln-J6akzxkse3eNA8iW4qRC3J1ESgHlzHszbxbitpawdVrCjOzKJLv8dinCk-oB8BHrvXFodV3mxA-Fn7TzqSG9bqf7d1BiL_sa0DtEB4LGZG2WSSEqcGBIeG-Mwmy1TnnYgzbOCDUo6TWNNuvslbPs8wXxzDdd:1puaQL:TX_cDXWAYy3iOWX8qY_uWRTFgBdZ1KzhOEReNwPyYqs", "expire_date": "2023-05-18T14:59:13.895Z"}}, {"model": "sessions.session", "pk": "h51spsb7fuv6l80zhl0j53ei3u2ivics", "fields": {"session_data": ".eJxVjDsOwjAQBe_iGlkbf2NKes5g7Xo3OIAcKZ8KcXeIlALaNzPvpTJua83bInMeWZ2VBXX6HQnLQ9pO-I7tNukytXUeSe-KPuiirxPL83K4fwcVl_qtS8SAvThIYmIIiQYfTUeMUELs2Q9YLAy2IyeOgzgBQPYQopg-WbLq_QES0zgy:1qMEwh:qfhGtTPb6wkO_7TTQOT4pOGCVS-jY9zSR0g3shxy84g", "expire_date": "2023-08-02T21:42:55.803Z"}}, {"model": "sessions.session", "pk": "h87zaia82yb6i2mdqdye0o6t8jbxaipw", "fields": {"session_data": "e30:1pRofR:0jZuY2lI0vt3RnPVDmLdDLOVJuyiz9BxAnEOms_0meU", "expire_date": "2023-02-28T06:19:53.049Z"}}, {"model": "sessions.session", "pk": "hkzc17w55ng14nzi83o1s77d0mk58bij", "fields": {"session_data": ".eJxVjDsOwjAQRO_iGln-J6akzxkse3eNA8iW4qRC3J1ESgHlzHszbxbitpawdVrCjOzKJLv8dinCk-oB8BHrvXFodV3mxA-Fn7TzqSG9bqf7d1BiL_sa0DtEB4LGZG2WSSEqcGBIeG-Mwmy1TnnYgzbOCDUo6TWNNuvslbPs8wXxzDdd:1pPqC6:aq2sk9fzEexEEJuWciCqvGNjGEIimUz3ck3pWS9FU-o", "expire_date": "2023-02-22T19:33:26.410Z"}}, {"model": "sessions.session", "pk": "iyv4uxlsarmrwjgqit07rlex20hf9f13", "fields": {"session_data": ".eJxVjDsOwjAQBe_iGlkbf2NKes5g7Xo3OIAcKZ8KcXeIlALaNzPvpTJua83bInMeWZ2VBXX6HQnLQ9pO-I7tNukytXUeSe-KPuiirxPL83K4fwcVl_qtS8SAvThIYmIIiQYfTUeMUELs2Q9YLAy2IyeOgzgBQPYQopg-WbLq_QES0zgy:1qc5qX:yHUXq7sXllJqlgq-ruKQAWTp3r22DaXegJNhO-bGy48", "expire_date": "2023-09-15T15:14:05.294Z"}}, {"model": "sessions.session", "pk": "kowt1ukt7tttjyw70bgljp1xpkdkiopo", "fields": {"session_data": "e30:1pw8zr:2QB41nBKK0bQxO90pV9o_oboGrgnGUuvcFh1J80kb0w", "expire_date": "2023-05-22T22:06:19.162Z"}}, {"model": "sessions.session", "pk": "p8s5pae9vj9cf7qj0lymknof5t8rsco1", "fields": {"session_data": ".eJxVjDsOwjAQBe_iGlkbf2NKes5g7Xo3OIAcKZ8KcXeIlALaNzPvpTJua83bInMeWZ2VBXX6HQnLQ9pO-I7tNukytXUeSe-KPuiirxPL83K4fwcVl_qtS8SAvThIYmIIiQYfTUeMUELs2Q9YLAy2IyeOgzgBQPYQopg-WbLq_QES0zgy:1qechn:nJbPluyDKAtCMKd9BHB_kLfZCBMu36WM4uq8xB8zPJs", "expire_date": "2023-09-22T14:43:31.812Z"}}, {"model": "sessions.session", "pk": "r8d1kfi4yp16xu2kw9lmzpv1ixzmjad8", "fields": {"session_data": "e30:1qVazU:Pu4PuQLDO1MiVNtonOdwXo8yGVW4y0DwYySYGp1KLiI", "expire_date": "2023-08-28T17:04:28.753Z"}}, {"model": "sessions.session", "pk": "t13lg4mvcfga8ffm7fh9r474ryjcorrf", "fields": {"session_data": "e30:1qB37P:wenrwsW0HDpwnX5RFcVuq5IaCueJg5zKcobk9JXwg5U", "expire_date": "2023-07-03T00:51:43.525Z"}}, {"model": "sessions.session", "pk": "tqgqaj37ji1meqmkyoz46q5jk1wvmvbu", "fields": {"session_data": ".eJxVjDsOwjAQRO_iGln-J6akzxkse3eNA8iW4qRC3J1ESgHlzHszbxbitpawdVrCjOzKJLv8dinCk-oB8BHrvXFodV3mxA-Fn7TzqSG9bqf7d1BiL_sa0DtEB4LGZG2WSSEqcGBIeG-Mwmy1TnnYgzbOCDUo6TWNNuvslbPs8wXxzDdd:1pPZSq:VT9n2Sk7K2E_jzcCq0PiLvdbc5scuOIeKCQvtgDfDCg", "expire_date": "2023-02-22T01:41:36.239Z"}}, {"model": "sessions.session", "pk": "w8zf9ns73f0snxbhd1jwljk10c0kp479", "fields": {"session_data": ".eJxVjDsOwjAQBe_iGlkbf2NKes5g7Xo3OIAcKZ8KcXeIlALaNzPvpTJua83bInMeWZ2VBXX6HQnLQ9pO-I7tNukytXUeSe-KPuiirxPL83K4fwcVl_qtS8SAvThIYmIIiQYfTUeMUELs2Q9YLAy2IyeOgzgBQPYQopg-WbLq_QES0zgy:1qkRZM:9GAvGpwR2gNIsW2CdkQBU_YZ9csc_15WEsvlTmAqQQM", "expire_date": "2023-10-08T16:02:52.290Z"}}, {"model": "sessions.session", "pk": "wp2uwcwriofvw1t2nntgrm4dxeaf1rkm", "fields": {"session_data": "e30:1pRocs:OgmycCsBm_wJ3lSUQXbQg3NnYwCriSBcFQPyhH6u5x0", "expire_date": "2023-02-28T06:17:14.404Z"}}, {"model": "sessions.session", "pk": "wvisn4dy08h8ch9mk560wf87ld3jm3y3", "fields": {"session_data": "e30:1pRoYr:Z6pzp69q010bJ22sZ97aM8Lrm8Mu9o3hlrW1ce1MP2c", "expire_date": "2023-02-28T06:13:05.205Z"}}, {"model": "sessions.session", "pk": "y7f3pzjml3xooqnmjkvj7gsnoq1xlc6d", "fields": {"session_data": ".eJxVjDsOwjAQRO_iGln-J6akzxkse3eNA8iW4qRC3J1ESgHlzHszbxbitpawdVrCjOzKJLv8dinCk-oB8BHrvXFodV3mxA-Fn7TzqSG9bqf7d1BiL_sa0DtEB4LGZG2WSSEqcGBIeG-Mwmy1TnnYgzbOCDUo6TWNNuvslbPs8wXxzDdd:1pNsFd:me35EC9B1dDstacMyS_ywEJGwUmbQ7_LKDTLyxJ2t2k", "expire_date": "2023-02-17T09:20:57.439Z"}}, {"model": "sessions.session", "pk": "z6s2v49o2ugcw2c74wja7dxatdaxxhuz", "fields": {"session_data": "e30:1pRobV:spaF5jS2yeL0N4JY7kA0_6sBEr66-eAc2045UHdzVF0", "expire_date": "2023-02-28T06:15:49.618Z"}}, {"model": "category.category", "pk": 1, "fields": {"category_name": "jeans", "slug": "jeans", "description": "", "cat_image": "photos/categories/jeans.jpg"}}, {"model": "category.category", "pk": 2, "fields": {"category_name": "shoes", "slug": "shoes", "description": "", "cat_image": "photos/categories/shoes_G81ma1K.png"}}, {"model": "category.category", "pk": 3, "fields": {"category_name": "jacket", "slug": "jacket", "description": "", "cat_image": "photos/categories/US-Polo-Assn_Jacket.jpg"}}, {"model": "accounts.account", "pk": 1, "fields": {"password": "pbkdf2_sha256$216000$xWxR7iyJCrHn$yfxgnaPivg77cDiDKZhNVlJqhLpuHqdsS3ZmbGyBvwI=", "first_name": "jesira", "last_name": "sultana", "username": "jesira", "email": "jesiraruhi@yahoo.com", "phone_number": "", "date_joined": "2023-01-24T00:53:55.698Z", "last_login": "2023-09-14T04:35:06.861Z", "is_admin": true, "is_staff": true, "is_active": true, "is_superadmin": true}}, {"model": "accounts.account", "pk": 30, "fields": {"password": "pbkdf2_sha256$216000$mFtPGXuNjDkb$xNWDkw+Gv2/YI3r2I74Bisq8WmdB7l9xkrfrsoN6z3k=", "first_name": "Jesira", "last_name": "Sultana", "username": "ruhi.jesira", "email": "ruhi.jesira@gmail.com", "phone_number": "01975531175", "date_joined": "2023-07-19T21:32:42.233Z", "last_login": "2023-09-24T16:02:52.279Z", "is_admin": false, "is_staff": false, "is_active": true, "is_superadmin": false}}, {"model": "store.product", "pk": 1, "fields": {"product_name": "ATX-jeans", "slug": "atx-jeans", "description": "Lorem ipsum dolor sit amet, consectetur adipiscing elit, sed do eiusmod tempor incididunt ut labore et dolore magna aliqua. Ut enim ad minim veniam, quis nostrud exercitation ullamco laboris nisi ut aliquip ex ea commodo consequat. Duis aute irure dolor in reprehenderit in voluptate velit esse cillum dolore eu fugiat nulla pariatur. Excepteur sint occaecat cupidatat non proident, sunt in culpa qui officia deserunt mollit anim id est laborum.", "price": 10.0, "images": "photos/products/ATX-Jeans.jpg", "stock": 5, "is_available": true, "category": 1, "created_date": "2023-01-31", "modified_date": "2023-09-24"}}, {"model": "store.product", "pk": 2, "fields": {"product_name": "Mavi-jeans", "slug": "mavi-jeans", "description": "Lorem ipsum dolor sit amet, consectetur adipiscing elit, sed do eiusmod tempor incididunt ut labore et dolore magna aliqua. Ut enim ad minim veniam, quis nostrud exercitation ullamco laboris nisi ut aliquip ex ea commodo consequat. Duis aute irure dolor in reprehenderit in voluptate velit esse cillum dolore eu fugiat nulla pariatur. Excepteur sint occaecat cupidatat non proident, sunt in culpa qui officia deserunt mollit anim id est laborum.", "price": 8.0, "images": "photos/products/Mavi_jeans.jpg", "stock": 3, "is_available": true, "category": 1, "created_date": "2023-02-03", "modified_date": "2023-09-25"}}, {"model": "store.product", "pk": 3, "fields": {"product_name": "Puma-ferrari shoes", "slug": "puma-ferrari-shoes", "description": "consectetur adipiscing elit, sed do eiusmod tempor incididunt ut labore et dolore magna aliqua. Ut enim ad minim veniam, quis nostrud exercitation ullamco laboris nisi ut aliquip ex ea commodo consequat. Duis aute irure dolor in reprehenderit in voluptate velit esse cillum dolore eu fugiat nulla pariatur. Excepteur sint occaecat cupidatat non proident, sunt in culpa qui officia deserunt mollit anim id est laborum.", "price": 15.0, "images": "photos/products/Puma-Ferrari-Shoes.jpg", "stock": 2, "is_available": true, "category": 2, "created_date": "2023-02-03", "modified_date": "2023-09-25"}}, {"model": "store.product", "pk": 4, "fields": {"product_name": "Us polo assn jacket", "slug": "us-polo-assn-jacket", "description": "sunt in culpa qui officia deserunt mollit anim id est laborum.", "price": 2.0, "images": "photos/products/US-Polo-Assn_Jacket.jpg", "stock": 19, "is_available": true, "category": 3, "created_date": "2023-02-03", "modified_date": "2023-09-14"}}, {"model": "store.product", "pk": 5, "fields": {"product_name": "jordan shoe", "slug": "jordan-shoe", "description": "Excepteur sint occaecat cupidatat non proident, sunt in culpa qui officia deserunt mollit anim id est laborum.", "price": 23.99, "images": "photos/products/jordan-true-flight-basketball-shoes.jpg", "stock": 0, "is_available": true, "category": 2, "created_date": "2023-02-03", "modified_date": "2023-02-08"}}, {"model": "carts.cart", "pk": 45, "fields": {"cart_id": "579yyenjq9qf9niq6u0a7arhh182qhtl", "date_added": "2023-07-20"}}, {"model": "carts.cart", "pk": 46, "fields": {"cart_id": "qjpb0elbzypdh9ld2cwmr3rcsmhsdv6y", "date_added": "2023-07-20"}}, {"model": "carts.cartitem", "pk": 100, "fields": {"user": null, "product": 1, "cart": 45, "quantity": 1, "is_active": true}}, {"model": "carts.cartitem", "pk": 102, "fields": {"user": null, "product": 2, "cart": 45, "quantity": 3, "is_active": true}}, {"model": "orders.payment", "pk": 1, "fields": {"user": 30, "payment_id": "20J57279NS299143L", "payment_method": "PayPal", "amount_paid": "33.66", "status": "COMPLETED", "created_at": "2023-09-13T20:02:33.153Z"}}, {"model": "orders.payment", "pk": 2, "fields": {"user": 30, "payment_id": "2XW24918TH599610N", "payment_method": "PayPal", "amount_paid": "15.3", "status": "COMPLETED", "created_at": "2023-09-14T01:40:02.873Z"}}, {"model": "orders.payment", "pk": 3, "fields": {"user": 30, "payment_id": "0FB8720892401711Y", "payment_method": "PayPal", "amount_paid": "10.2", "status": "COMPLETED", "created_at": "2023-09-14T04:34:53.699Z"}}, {"model": "orders.payment", "pk": 4, "fields": {"user": 30, "payment_id": "3SK48491AF7513506", "payment_method": "PayPal", "amount_paid": "10.2", "status": "COMPLETED", "created_at": "2023-09-14T04:38:57.238Z"}}, {"model": "orders.payment", "pk": 5, "fields": {"user": 30, "payment_id": "08C00942CS7414216", "payment_method": "PayPal", "amount_paid": "10.2", "status": "COMPLETED", "created_at": "2023-09-14T04:46:28.278Z"}}, {"model": "orders.payment", "pk": 6, "fields": {"user": 30, "payment_id": "66630065U54705743", "payment_method": "PayPal", "amount_paid": "10.2", "status": "COMPLETED", "created_at": "2023-09-14T04:50:39.119Z"}}, {"model": "orders.payment", "pk": 7, "fields": {"user": 30, "payment_id": "91B26627AU8023116", "payment_method": "PayPal", "amount_paid": "2.04", "status": "COMPLETED", "created_at": "2023-09-14T04:54:40.507Z"}}, {"model": "orders.payment", "pk": 8, "fields": {"user": 30, "payment_id": "7NA04867HP269384C", "payment_method": "PayPal", "amount_paid": "10.2", "status": "COMPLETED", "created_at": "2023-09-24T15:57:55.806Z"}}, {"model": "orders.payment", "pk": 9, "fields": {"user": 30, "payment_id": "8YL53569UU822381J", "payment_method": "PayPal", "amount_paid": "8.16", "status": "COMPLETED", "created_at": "2023-09-24T16:03:34.362Z"}}, {"model": "orders.payment", "pk": 10, "fields": {"user": 30, "payment_id": "7PL09433UM287253U", "payment_method": "PayPal", "amount_paid": "15.3", "status": "COMPLETED", "created_at": "2023-09-25T09:00:52.998Z"}}, {"model": "orders.payment", "pk": 11, "fields": {"user": 30, "payment_id": "6D927556GX407064B", "payment_method": "PayPal", "amount_paid": "8.16", "status": "COMPLETED", "created_at": "2023-09-25T09:02:12.768Z"}}, {"model": "orders.order", "pk": 1, "fields": {"user": 30, "payment": null, "order_number": "202309011", "first_name": "Jesira", "last_name": "Sultana", "phone": "1", "email": "ruhi.jesira@gmail.com", "address_line_1": "1", "address_line_2": "1", "country": "1", "state": "1", "city": "1", "order_note": "", "order_total": 33.66, "tax": 0.66, "status": "New", "ip": "127.0.0.1", "is_ordered": false, "created_at": "2023-09-01T14:16:38.076Z", "updated_at": "2023-09-01T14:16:38.083Z"}}, {"model": "orders.order", "pk": 2, "fields": {"user": 30, "payment": null, "order_number": "202309012", "first_name": "Jesira", "last_name": "Sultana", "phone": "1", "email": "ruhi.jesira@gmail.com", "address_line_1": "1", "address_line_2": "1", "country": "1", "state": "1", "city": "1", "order_note": "", "order_total": 33.66, "tax": 0.66, "status": "New", "ip": "127.0.0.1", "is_ordered": false, "created_at": "2023-09-01T17:07:09.611Z", "updated_at": "2023-09-01T17:07:09.616Z"}}, {"model": "orders.order", "pk": 3, "fields": {"user": 30, "payment": null, "order_number": "202309023", "first_name": "Jesira", "last_name": "Sultana", "phone": "1", "email": "ruhi.jesira@gmail.com", "address_line_1": "1", "address_line_2": "1", "country": "1", "state": "1", "city": "1", "order_note": "", "order_total": 33.66, "tax": 0.66, "status": "New", "ip": "127.0.0.1", "is_ordered": false, "created_at": "2023-09-02T17:37:27.736Z", "updated_at": "2023-09-02T17:37:27.744Z"}}, {"model": "orders.order", "pk": 4, "fields": {"user": 30, "payment": null, "order_number": "202309024", "first_name": "Jesira", "last_name": "Sultana", "phone": "1", "email": "ruhi.jesira@gmail.com", "address_line_1": "1", "address_line_2": "1", "country": "1", "state": "1", "city": "1", "order_note": "", "order_total": 33.66, "tax": 0.66, "status": "New", "ip": "127.0.0.1", "is_ordered": false, "created_at": "2023-09-02T17:41:38.027Z", "updated_at": "2023-09-02T17:41:38.036Z"}}, {"model": "orders.order", "pk": 5, "fields": {"user": 30, "payment": null, "order_number": "202309025", "first_name": "Jesira", "last_name": "Sultana", "phone": "1", "email": "ruhi.jesira@gmail.com", "address_line_1": "1", "address_line_2": "1", "country": "1", "state": "1", "city": "1", "order_note": "", "order_total": 33.66, "tax": 0.66, "status": "New", "ip": "127.0.0.1", "is_ordered": false, "created_at": "2023-09-02T17:42:49.045Z", "updated_at": "2023-09-02T17:42:49.058Z"}}, {"model": "orders.order", "pk": 6, "fields": {"user": 30, "payment": null, "order_number": "202309036", "first_name": "Jesira", "last_name": "Sultana", "phone": "1", "email": "ruhi.jesira@gmail.com", "address_line_1": "1", "address_line_2": "1", "country": "1", "state": "1", "city": "1", "order_note": "", "order_total": 33.66, "tax": 0.66, "status": "New", "ip": "127.0.0.1", "is_ordered": false, "created_at": "2023-09-02T18:30:12.891Z", "updated_at": "2023-09-02T18:30:12.899Z"}}, {"model": "orders.order", "pk": 7, "fields": {"user": 30, "payment": null, "order_number": "202309037", "first_name": "Jesira", "last_name": "Sultana", "phone": "1", "email": "ruhi.jesira@gmail.com", "address_line_1": "1", "address_line_2": "1", "country": "1", "state": "1", "city": "1", "order_note": "", "order_total": 33.66, "tax": 0.66, "status": "New", "ip": "127.0.0.1", "is_ordered": false, "created_at": "2023-09-02T18:30:23.613Z", "updated_at": "2023-09-02T18:30:23.618Z"}}, {"model": "orders.order", "pk": 8, "fields": {"user": 30, "payment": null, "order_number": "202309038", "first_name": "Jesira", "last_name": "Sultana", "phone": "1", "email": "ruhi.jesira@gmail.com", "address_line_1": "1", "address_line_2": "1", "country": "1", "state": "1", "city": "1", "order_note": "", "order_total": 33.66, "tax": 0.66, "status": "New", "ip": "127.0.0.1", "is_ordered": false, "created_at": "2023-09-02T18:30:32.520Z", "updated_at": "2023-09-02T18:30:32.526Z"}}, {"model": "orders.order", "pk": 9, "fields": {"user": 30, "payment": null, "order_number": "202309049", "first_name": "Jesira", "last_name": "Sultana", "phone": "1", "email": "ruhi.jesira@gmail.com", "address_line_1": "1", "address_line_2": "1", "country": "1", "state": "1", "city": "1", "order_note": "", "order_total": 33.66, "tax": 0.66, "status": "New", "ip": "127.0.0.1", "is_ordered": false, "created_at": "2023-09-04T16:19:47.642Z", "updated_at": "2023-09-04T16:19:47.651Z"}}, {"model": "orders.order", "pk": 10, "fields": {"user": 30, "payment": null, "order_number": "2023090510", "first_name": "Jesira", "last_name": "Sultana", "phone": "1", "email": "ruhi.jesira@gmail.com", "address_line_1": "1", "address_line_2": "1", "country": "1", "state": "1", "city": "1", "order_note": "", "order_total": 33.66, "tax": 0.66, "status": "New", "ip": "127.0.0.1", "is_ordered": false, "created_at": "2023-09-05T12:04:11.640Z", "updated_at": "2023-09-05T12:04:11.654Z"}}, {"model": "orders.order", "pk": 11, "fields": {"user": 30, "payment": null, "order_number": "2023090511", "first_name": "Jesira", "last_name": "Sultana", "phone": "1", "email": "ruhi.jesira@gmail.com", "address_line_1": "1", "address_line_2": "1", "country": "1", "state": "1", "city": "1", "order_note": "", "order_total": 33.66, "tax": 0.66, "status": "New", "ip": "127.0.0.1", "is_ordered": false, "created_at": "2023-09-05T12:10:01.817Z", "updated_at": "2023-09-05T12:10:01.829Z"}}, {"model": "orders.order", "pk": 12, "fields": {"user": 30, "payment": null, "order_number": "2023090512", "first_name": "Jesira", "last_name": "Sultana", "phone": "1", "email": "ruhi.jesira@gmail.com", "address_line_1": "1", "address_line_2": "1", "country": "1", "state": "1", "city": "1", "order_note": "", "order_total": 33.66, "tax": 0.66, "status": "New", "ip": "127.0.0.1", "is_ordered": false, "created_at": "2023-09-05T12:44:30.926Z", "updated_at": "2023-09-05T12:44:30.932Z"}}, {"model": "orders.order", "pk": 13, "fields": {"user": 30, "payment": null, "order_number": "2023090513", "first_name": "Jesira", "last_name": "Sultana", "phone": "1", "email": "ruhi.jesira@gmail.com", "address_line_1": "1", "address_line_2": "1", "country": "1", "state": "1", "city": "1", "order_note": "", "order_total": 33.66, "tax": 0.66, "status": "New", "ip": "127.0.0.1", "is_ordered": false, "created_at": "2023-09-05T12:45:06.561Z", "updated_at": "2023-09-05T12:45:06.568Z"}}, {"model": "orders.order", "pk": 14, "fields": {"user": 30, "payment": null, "order_number": "2023090514", "first_name": "Jesira", "last_name": "Sultana", "phone": "1", "email": "ruhi.jesira@gmail.com", "address_line_1": "1", "address_line_2": "1", "country": "1", "state": "1", "city": "1", "order_note": "", "order_total": 33.66, "tax": 0.66, "status": "New", "ip": "127.0.0.1", "is_ordered": false, "created_at": "2023-09-05T12:47:35.744Z", "updated_at": "2023-09-05T12:47:35.755Z"}}, {"model": "orders.order", "pk": 15, "fields": {"user": 30, "payment": null, "order_number": "2023090515", "first_name": "Jesira", "last_name": "Sultana", "phone": "1", "email": "ruhi.jesira@gmail.com", "address_line_1": "1", "address_line_2": "1", "country": "1", "state": "1", "city": "1", "order_note": "", "order_total": 33.66, "tax": 0.66, "status": "New", "ip": "127.0.0.1", "is_ordered": false, "created_at": "2023-09-05T12:47:56.940Z", "updated_at": "2023-09-05T12:47:56.950Z"}}, {"model": "orders.order", "pk": 16, "fields": {"user": 30, "payment": null, "order_number": "2023090516", "first_name": "Jesira", "last_name": "Sultana", "phone": "1", "email": "ruhi.jesira@gmail.com", "address_line_1": "1", "address_line_2": "1", "country": "1", "state": "1", "city": "1", "order_note": "", "order_total": 33.66, "tax": 0.66, "status": "New", "ip": "127.0.0.1", "is_ordered": false, "created_at": "2023-09-05T12:48:22.886Z", "updated_at": "2023-09-05T12:48:22.893Z"}}, {"model": "orders.order", "pk": 17, "fields": {"user": 30, "payment": null, "order_number": "2023090517", "first_name": "Jesira", "last_name": "Sultana", "phone": "1", "email": "ruhi.jesira@gmail.com", "address_line_1": "1", "address_line_2": "1", "country": "1", "state": "1", "city": "1", "order_note": "", "order_total": 33.66, "tax": 0.66, "status": "New", "ip": "127.0.0.1", "is_ordered": false, "created_at": "2023-09-05T12:48:47.386Z", "updated_at": "2023-09-05T12:48:47.395Z"}}, {"model": "orders.order", "pk": 18, "fields": {"user": 30, "payment": null, "order_number": "2023090518", "first_name": "Jesira", "last_name": "Sultana", "phone": "1", "email": "ruhi.jesira@gmail.com", "address_line_1": "1", "address_line_2": "1", "country": "1", "state": "1", "city": "1", "order_note": "", "order_total": 33.66, "tax": 0.66, "status": "New", "ip": "127.0.0.1", "is_ordered": false, "created_at": "2023-09-05T12:49:07.419Z", "updated_at": "2023-09-05T12:49:07.429Z"}}, {"model": "orders.order", "pk": 19, "fields": {"user": 30, "payment": null, "order_number": "2023090519", "first_name": "Jesira", "last_name": "Sultana", "phone": "1", "email": "ruhi.jesira@gmail.com", "address_line_1": "1", "address_line_2": "1", "country": "1", "state": "1", "city": "1", "order_note": "", "order_total": 33.66, "tax": 0.66, "status": "New", "ip": "127.0.0.1", "is_ordered": false, "created_at": "2023-09-05T12:49:33.806Z", "updated_at": "2023-09-05T12:49:33.819Z"}}, {"model": "orders.order", "pk": 20, "fields": {"user": 30, "payment": null, "order_number": "2023090520", "first_name": "Jesira", "last_name": "Sultana", "phone": "1", "email": "ruhi.jesira@gmail.com", "address_line_1": "1", "address_line_2": "1", "country": "1", "state": "1", "city": "1", "order_note": "", "order_total": 33.66, "tax": 0.66, "status": "New", "ip": "127.0.0.1", "is_ordered": false, "created_at": "2023-09-05T12:49:58.983Z", "updated_at": "2023-09-05T12:49:58.989Z"}}, {"model": "orders.order", "pk": 21, "fields": {"user": 30, "payment": null, "order_number": "2023090521", "first_name": "Jesira", "last_name": "Sultana", "phone": "1", "email": "ruhi.jesira@gmail.com", "address_line_1": "1", "address_line_2": "1", "country": "1", "state": "1", "city": "1", "order_note": "", "order_total": 33.66, "tax": 0.66, "status": "New", "ip": "127.0.0.1", "is_ordered": false, "created_at": "2023-09-05T13:06:26.361Z", "updated_at": "2023-09-05T13:06:26.366Z"}}, {"model": "orders.order", "pk": 22, "fields": {"user": 30, "payment": null, "order_number": "2023090522", "first_name": "Jesira", "last_name": "Sultana", "phone": "1", "email": "ruhi.jesira@gmail.com", "address_line_1": "1", "address_line_2": "1", "country": "1", "state": "1", "city": "1", "order_note": "", "order_total": 33.66, "tax": 0.66, "status": "New", "ip": "127.0.0.1", "is_ordered": false, "created_at": "2023-09-05T13:06:30.854Z", "updated_at": "2023-09-05T13:06:30.863Z"}}, {"model": "orders.order", "pk": 23, "fields": {"user": 30, "payment": null, "order_number": "2023090523", "first_name": "Jesira", "last_name": "Sultana", "phone": "1", "email": "ruhi.jesira@gmail.com", "address_line_1": "1", "address_line_2": "1", "country": "1", "state": "1", "city": "1", "order_note": "", "order_total": 33.66, "tax": 0.66, "status": "New", "ip": "127.0.0.1", "is_ordered": false, "created_at": "2023-09-05T13:10:03.211Z", "updated_at": "2023-09-05T13:10:03.220Z"}}, {"model": "orders.order", "pk": 24, "fields": {"user": 30, "payment": null, "order_number": "2023090524", "first_name": "Jesira", "last_name": "Sultana", "phone": "1", "email": "ruhi.jesira@gmail.com", "address_line_1": "1", "address_line_2": "1", "country": "1", "state": "1", "city": "1", "order_note": "", "order_total": 33.66, "tax": 0.66, "status": "New", "ip": "127.0.0.1", "is_ordered": false, "created_at": "2023-09-05T13:24:21.530Z", "updated_at": "2023-09-05T13:24:21.537Z"}}, {"model": "orders.order", "pk": 25, "fields": {"user": 30, "payment": null, "order_number": "2023090525", "first_name": "Jesira", "last_name": "Sultana", "phone": "1", "email": "ruhi.jesira@gmail.com", "address_line_1": "1", "address_line_2": "1", "country": "1", "state": "1", "city": "1", "order_note": "", "order_total": 33.66, "tax": 0.66, "status": "New", "ip": "127.0.0.1", "is_ordered": false, "created_at": "2023-09-05T13:26:42.435Z", "updated_at": "2023-09-05T13:26:42.443Z"}}, {"model": "orders.order", "pk": 26, "fields": {"user": 30, "payment": null, "order_number": "2023090526", "first_name": "Jesira", "last_name": "Sultana", "phone": "1", "email": "ruhi.jesira@gmail.com", "address_line_1": "1", "address_line_2": "1", "country": "1", "state": "1", "city": "1", "order_note": "", "order_total": 33.66, "tax": 0.66, "status": "New", "ip": "127.0.0.1", "is_ordered": false, "created_at": "2023-09-05T13:27:25.265Z", "updated_at": "2023-09-05T13:27:25.277Z"}}, {"model": "orders.order", "pk": 27, "fields": {"user": 30, "payment": null, "order_number": "2023090527", "first_name": "Jesira", "last_name": "Sultana", "phone": "1", "email": "ruhi.jesira@gmail.com", "address_line_1": "1", "address_line_2": "1", "country": "1", "state": "1", "city": "1", "order_note": "", "order_total": 33.66, "tax": 0.66, "status": "New", "ip": "127.0.0.1", "is_ordered": false, "created_at": "2023-09-05T13:27:37.961Z", "updated_at": "2023-09-05T13:27:37.968Z"}}, {"model": "orders.order", "pk": 28, "fields": {"user": 30, "payment": null, "order_number": "2023090828", "first_name": "Jesira", "last_name": "Sultana", "phone": "1", "email": "ruhi.jesira@gmail.com", "address_line_1": "1", "address_line_2": "1", "country": "1", "state": "1", "city": "1", "order_note": "", "order_total": 33.66, "tax": 0.66, "status": "New", "ip": "127.0.0.1", "is_ordered": false, "created_at": "2023-09-08T14:41:24.198Z", "updated_at": "2023-09-08T14:41:24.206Z"}}, {"model": "orders.order", "pk": 29, "fields": {"user": 30, "payment": null, "order_number": "2023090829", "first_name": "Jesira", "last_name": "Sultana", "phone": "1", "email": "ruhi.jesira@gmail.com", "address_line_1": "1", "address_line_2": "1", "country": "1", "state": "1", "city": "1", "order_note": "", "order_total": 33.66, "tax": 0.66, "status": "New", "ip": "127.0.0.1", "is_ordered": false, "created_at": "2023-09-08T14:42:57.505Z", "updated_at": "2023-09-08T14:42:57.512Z"}}, {"model": "orders.order", "pk": 30, "fields": {"user": 30, "payment": null, "order_number": "2023090830", "first_name": "Jesira", "last_name": "Sultana", "phone": "1", "email": "ruhi.jesira@gmail.com", "address_line_1": "1", "address_line_2": "1", "country": "1", "state": "1", "city": "1", "order_note": "", "order_total": 33.66, "tax": 0.66, "status": "New", "ip": "127.0.0.1", "is_ordered": false, "created_at": "2023-09-08T14:43:48.656Z", "updated_at": "2023-09-08T14:43:48.666Z"}}, {"model": "orders.order", "pk": 31, "fields": {"user": 30, "payment": null, "order_number": "2023090831", "first_name": "Jesira", "last_name": "Sultana", "phone": "1", "email": "ruhi.jesira@gmail.com", "address_line_1": "1", "address_line_2": "1", "country": "1", "state": "1", "city": "1", "order_note": "", "order_total": 33.66, "tax": 0.66, "status": "New", "ip": "127.0.0.1", "is_ordered": false, "created_at": "2023-09-08T15:02:07.884Z", "updated_at": "2023-09-08T15:02:07.896Z"}}, {"model": "orders.order", "pk": 32, "fields": {"user": 30, "payment": null, "order_number": "2023090832", "first_name": "Jesira", "last_name": "Sultana", "phone": "1", "email": "ruhi.jesira@gmail.com", "address_line_1": "1", "address_line_2": "1", "country": "1", "state": "1", "city": "1", "order_note": "", "order_total": 33.66, "tax": 0.66, "status": "New", "ip": "127.0.0.1", "is_ordered": false, "created_at": "2023-09-08T15:05:24.500Z", "updated_at": "2023-09-08T15:05:24.511Z"}}, {"model": "orders.order", "pk": 33, "fields": {"user": 30, "payment": null, "order_number": "2023090833", "first_name": "Jesira", "last_name": "Sultana", "phone": "1", "email": "ruhi.jesira@gmail.com", "address_line_1": "1", "address_line_2": "1", "country": "1", "state": "1", "city": "1", "order_note": "", "order_total": 33.66, "tax": 0.66, "status": "New", "ip": "127.0.0.1", "is_ordered": false, "created_at": "2023-09-08T15:05:46.760Z", "updated_at": "2023-09-08T15:05:46.766Z"}}, {"model": "orders.order", "pk": 34, "fields": {"user": 30, "payment": null, "order_number": "2023090934", "first_name": "Jesira", "last_name": "1", "phone": "1", "email": "ruhi.jesira@gmail.com", "address_line_1": "1", "address_line_2": "1", "country": "1", "state": "1", "city": "1", "order_note": "", "order_total": 33.66, "tax": 0.66, "status": "New", "ip": "127.0.0.1", "is_ordered": false, "created_at": "2023-09-08T19:40:16.766Z", "updated_at": "2023-09-08T19:40:16.773Z"}}, {"model": "orders.order", "pk": 35, "fields": {"user": 30, "payment": null, "order_number": "2023091135", "first_name": "Jesira", "last_name": "Sultana", "phone": "1", "email": "ruhi.jesira@gmail.com", "address_line_1": "1", "address_line_2": "1", "country": "1", "state": "1", "city": "1", "order_note": "", "order_total": 33.66, "tax": 0.66, "status": "New", "ip": "127.0.0.1", "is_ordered": false, "created_at": "2023-09-11T16:26:59.403Z", "updated_at": "2023-09-11T16:26:59.415Z"}}, {"model": "orders.order", "pk": 36, "fields": {"user": 30, "payment": null, "order_number": "2023091136", "first_name": "Jesira", "last_name": "Sultana", "phone": "1", "email": "ruhi.jesira@gmail.com", "address_line_1": "1", "address_line_2": "1", "country": "1", "state": "1", "city": "1", "order_note": "", "order_total": 33.66, "tax": 0.66, "status": "New", "ip": "127.0.0.1", "is_ordered": false, "created_at": "2023-09-11T16:27:52.992Z", "updated_at": "2023-09-11T16:27:53.004Z"}}, {"model": "orders.order", "pk": 37, "fields": {"user": 30, "payment": null, "order_number": "2023091137", "first_name": "Jesira", "last_name": "Sultana", "phone": "1", "email": "ruhi.jesira@gmail.com", "address_line_1": "1", "address_line_2": "1", "country": "1", "state": "1", "city": "1", "order_note": "", "order_total": 33.66, "tax": 0.66, "status": "New", "ip": "127.0.0.1", "is_ordered": false, "created_at": "2023-09-11T16:28:41.279Z", "updated_at": "2023-09-11T16:28:41.285Z"}}, {"model": "orders.order", "pk": 38, "fields": {"user": 30, "payment": null, "order_number": "2023091138", "first_name": "Jesira", "last_name": "Sultana", "phone": "1", "email": "ruhi.jesira@gmail.com", "address_line_1": "1", "address_line_2": "1", "country": "1", "state": "1", "city": "1", "order_note": "", "order_total": 33.66, "tax": 0.66, "status": "New", "ip": "127.0.0.1", "is_ordered": false, "created_at": "2023-09-11T17:30:55.881Z", "updated_at": "2023-09-11T17:30:55.891Z"}}, {"model": "orders.order", "pk": 39, "fields": {"user": 30, "payment": null, "order_number": "2023091139", "first_name": "Jesira", "last_name": "Sultana", "phone": "1", "email": "ruhi.jesira@gmail.com", "address_line_1": "1", "address_line_2": "1", "country": "1", "state": "1", "city": "1", "order_note": "", "order_total": 33.66, "tax": 0.66, "status": "New", "ip": "127.0.0.1", "is_ordered": false, "created_at": "2023-09-11T17:32:25.870Z", "updated_at": "2023-09-11T17:32:25.877Z"}}, {"model": "orders.order", "pk": 40, "fields": {"user": 30, "payment": null, "order_number": "2023091140", "first_name": "Jesira", "last_name": "Sultana", "phone": "1", "email": "ruhi.jesira@gmail.com", "address_line_1": "1", "address_line_2": "1", "country": "1", "state": "1", "city": "1", "order_note": "", "order_total": 33.66, "tax": 0.66, "status": "New", "ip": "127.0.0.1", "is_ordered": false, "created_at": "2023-09-11T17:32:42.271Z", "updated_at": "2023-09-11T17:32:42.283Z"}}, {"model": "orders.order", "pk": 41, "fields": {"user": 30, "payment": null, "order_number": "2023091141", "first_name": "Jesira", "last_name": "Sultana", "phone": "1", "email": "ruhi.jesira@gmail.com", "address_line_1": "1", "address_line_2": "1", "country": "1", "state": "1", "city": "1", "order_note": "", "order_total": 33.66, "tax": 0.66, "status": "New", "ip": "127.0.0.1", "is_ordered": false, "created_at": "2023-09-11T17:33:23.747Z", "updated_at": "2023-09-11T17:33:23.755Z"}}, {"model": "orders.order", "pk": 42, "fields": {"user": 30, "payment": null, "order_number": "2023091142", "first_name": "Jesira", "last_name": "Sultana", "phone": "1", "email": "ruhi.jesira@gmail.com", "address_line_1": "1", "address_line_2": "1", "country": "1", "state": "1", "city": "1", "order_note": "", "order_total": 33.66, "tax": 0.66, "status": "New", "ip": "127.0.0.1", "is_ordered": false, "created_at": "2023-09-11T17:37:58.186Z", "updated_at": "2023-09-11T17:37:58.194Z"}}, {"model": "orders.order", "pk": 43, "fields": {"user": 30, "payment": null, "order_number": "2023091143", "first_name": "Jesira", "last_name": "Sultana", "phone": "1", "email": "ruhi.jesira@gmail.com", "address_line_1": "1", "address_line_2": "1", "country": "1", "state": "1", "city": "1", "order_note": "", "order_total": 33.66, "tax": 0.66, "status": "New", "ip": "127.0.0.1", "is_ordered": false, "created_at": "2023-09-11T17:39:29.640Z", "updated_at": "2023-09-11T17:39:29.648Z"}}, {"model": "orders.order", "pk": 44, "fields": {"user": 30, "payment": null, "order_number": "2023091144", "first_name": "Jesira", "last_name": "Sultana", "phone": "1", "email": "ruhi.jesira@gmail.com", "address_line_1": "1", "address_line_2": "1", "country": "1", "state": "1", "city": "1", "order_note": "", "order_total": 33.66, "tax": 0.66, "status": "New", "ip": "127.0.0.1", "is_ordered": false, "created_at": "2023-09-11T17:39:48.904Z", "updated_at": "2023-09-11T17:39:48.911Z"}}, {"model": "orders.order", "pk": 45, "fields": {"user": 30, "payment": null, "order_number": "2023091145", "first_name": "Jesira", "last_name": "Sultana", "phone": "1", "email": "ruhi.jesira@gmail.com", "address_line_1": "1", "address_line_2": "1", "country": "1", "state": "1", "city": "1", "order_note": "", "order_total": 33.66, "tax": 0.66, "status": "New", "ip": "127.0.0.1", "is_ordered": false, "created_at": "2023-09-11T17:47:18.477Z", "updated_at": "2023-09-11T17:47:18.488Z"}}, {"model": "orders.order", "pk": 46, "fields": {"user": 30, "payment": null, "order_number": "2023091246", "first_name": "Jesira", "last_name": "Sultana", "phone": "1", "email": "ruhi.jesira@gmail.com", "address_line_1": "1", "address_line_2": "1", "country": "1", "state": "1", "city": "1", "order_note": "", "order_total": 33.66, "tax": 0.66, "status": "New", "ip": "127.0.0.1", "is_ordered": false, "created_at": "2023-09-12T00:40:49.821Z", "updated_at": "2023-09-12T00:40:49.832Z"}}, {"model": "orders.order", "pk": 47, "fields": {"user": 30, "payment": null, "order_number": "2023091247", "first_name": "Jesira", "last_name": "Sultana", "phone": "1", "email": "ruhi.jesira@gmail.com", "address_line_1": "1", "address_line_2": "1", "country": "1", "state": "1", "city": "1", "order_note": "", "order_total": 33.66, "tax": 0.66, "status": "New", "ip": "127.0.0.1", "is_ordered": false, "created_at": "2023-09-12T00:48:48.131Z", "updated_at": "2023-09-12T00:48:48.139Z"}}, {"model": "orders.order", "pk": 48, "fields": {"user": 30, "payment": null, "order_number": "2023091248", "first_name": "Jesira", "last_name": "Sultana", "phone": "1", "email": "ruhi.jesira@gmail.com", "address_line_1": "1", "address_line_2": "1", "country": "1", "state": "1", "city": "1", "order_note": "", "order_total": 33.66, "tax": 0.66, "status": "New", "ip": "127.0.0.1", "is_ordered": false, "created_at": "2023-09-12T00:49:41.299Z", "updated_at": "2023-09-12T00:49:41.309Z"}}, {"model": "orders.order", "pk": 49, "fields": {"user": 30, "payment": null, "order_number": "2023091249", "first_name": "Jesira", "last_name": "Sultana", "phone": "1", "email": "ruhi.jesira@gmail.com", "address_line_1": "1", "address_line_2": "1", "country": "1", "state": "1", "city": "1", "order_note": "", "order_total": 33.66, "tax": 0.66, "status": "New", "ip": "127.0.0.1", "is_ordered": false, "created_at": "2023-09-12T00:53:29.088Z", "updated_at": "2023-09-12T00:53:29.097Z"}}, {"model": "orders.order", "pk": 50, "fields": {"user": 30, "payment": null, "order_number": "2023091450", "first_name": "Jesira", "last_name": "Sultana", "phone": "1", "email": "ruhi.jesira@gmail.com", "address_line_1": "1", "address_line_2": "1", "country": "1", "state": "1", "city": "1", "order_note": "", "order_total": 33.66, "tax": 0.66, "status": "New", "ip": "127.0.0.1", "is_ordered": false, "created_at": "2023-09-13T19:46:54.437Z", "updated_at": "2023-09-13T19:46:54.447Z"}}, {"model": "orders.order", "pk": 51, "fields": {"user": 30, "payment": null, "order_number": "2023091451", "first_name": "Jesira", "last_name": "Sultana", "phone": "1", "email": "ruhi.jesira@gmail.com", "address_line_1": "1", "address_line_2": "1", "country": "1", "state": "1", "city": "1", "order_note": "", "order_total": 33.66, "tax": 0.66, "status": "New", "ip": "127.0.0.1", "is_ordered": false, "created_at": "2023-09-13T19:50:17.510Z", "updated_at": "2023-09-13T19:50:17.519Z"}}, {"model": "orders.order", "pk": 52, "fields": {"user": 30, "payment": null, "order_number": "2023091452", "first_name": "Jesira", "last_name": "Sultana", "phone": "1", "email": "ruhi.jesira@gmail.com", "address_line_1": "1", "address_line_2": "1", "country": "1", "state": "1", "city": "1", "order_note": "", "order_total": 33.66, "tax": 0.66, "status": "New", "ip": "127.0.0.1", "is_ordered": false, "created_at": "2023-09-13T19:58:51.376Z", "updated_at": "2023-09-13T19:58:51.388Z"}}, {"model": "orders.order", "pk": 53, "fields": {"user": 30, "payment": 1, "order_number": "2023091453", "first_name": "Jesira", "last_name": "Sultana", "phone": "1", "email": "ruhi.jesira@gmail.com", "address_line_1": "1", "address_line_2": "1", "country": "1", "state": "1", "city": "1", "order_note": "", "order_total": 33.66, "tax": 0.66, "status": "New", "ip": "127.0.0.1", "is_ordered": true, "created_at": "2023-09-13T20:00:58.511Z", "updated_at": "2023-09-13T20:02:33.160Z"}}, {"model": "orders.order", "pk": 54, "fields": {"user": 30, "payment": 2, "order_number": "2023091454", "first_name": "Jesira", "last_name": "Sultana", "phone": "01975531175", "email": "ruhi.jesira@gmail.com", "address_line_1": "AAAA", "address_line_2": "BBBB", "country": "Bangladesh", "state": "Dhaka", "city": "Dhaka", "order_note": "please send within 3days", "order_total": 15.3, "tax": 0.3, "status": "New", "ip": "127.0.0.1", "is_ordered": true, "created_at": "2023-09-14T01:39:34.533Z", "updated_at": "2023-09-14T01:40:02.881Z"}}, {"model": "orders.order", "pk": 55, "fields": {"user": 30, "payment": null, "order_number": "2023091455", "first_name": "Jesira", "last_name": "Sultana", "phone": "01975531175", "email": "ruhi.jesira@gmail.com", "address_line_1": "AAAA", "address_line_2": "BBBB", "country": "Bangladesh", "state": "Dhaka", "city": "Dhaka", "order_note": "", "order_total": 10.2, "tax": 0.2, "status": "New", "ip": "127.0.0.1", "is_ordered": false, "created_at": "2023-09-14T04:33:32.230Z", "updated_at": "2023-09-14T04:33:32.239Z"}}, {"model": "orders.order", "pk": 56, "fields": {"user": 30, "payment": 3, "order_number": "2023091456", "first_name": "Jesira", "last_name": "Sultana", "phone": "01975531175", "email": "ruhi.jesira@gmail.com", "address_line_1": "AAAA", "address_line_2": "BBBB", "country": "Bangladesh", "state": "Dhaka", "city": "Dhaka", "order_note": "", "order_total": 10.2, "tax": 0.2, "status": "New", "ip": "127.0.0.1", "is_ordered": true, "created_at": "2023-09-14T04:34:25.458Z", "updated_at": "2023-09-14T04:34:53.709Z"}}, {"model": "orders.order", "pk": 57, "fields": {"user": 30, "payment": 4, "order_number": "2023091457", "first_name": "Jesira", "last_name": "Sultana", "phone": "01975531175", "email": "ruhi.jesira@gmail.com", "address_line_1": "AAAA", "address_line_2": "BBBB", "country": "Bangladesh", "state": "Dhaka", "city": "Dhaka", "order_note": "", "order_total": 10.2, "tax": 0.2, "status": "New", "ip": "127.0.0.1", "is_ordered": true, "created_at": "2023-09-14T04:38:44.597Z", "updated_at": "2023-09-14T04:38:57.254Z"}}, {"model": "orders.order", "pk": 58, "fields": {"user": 30, "payment": 5, "order_number": "2023091458", "first_name": "Jesira", "last_name": "Sultana", "phone": "01975531175", "email": "ruhi.jesira@gmail.com", "address_line_1": "AAAA", "address_line_2": "BBBB", "country": "Bangladesh", "state": "Dhaka", "city": "Dhaka", "order_note": "", "order_total": 10.2, "tax": 0.2, "status": "New", "ip": "127.0.0.1", "is_ordered": true, "created_at": "2023-09-14T04:46:13.113Z", "updated_at": "2023-09-14T04:46:28.290Z"}}, {"model": "orders.order", "pk": 59, "fields": {"user": 30, "payment": 6, "order_number": "2023091459", "first_name": "Jesira", "last_name": "Sultana", "phone": "01975531175", "email": "ruhi.jesira@gmail.com", "address_line_1": "AAAA", "address_line_2": "BBBB", "country": "Bangladesh", "state": "Dhaka", "city": "Dhaka", "order_note": "", "order_total": 10.2, "tax": 0.2, "status": "New", "ip": "127.0.0.1", "is_ordered": true, "created_at": "2023-09-14T04:50:10.133Z", "updated_at": "2023-09-14T04:50:39.130Z"}}, {"model": "orders.order", "pk": 60, "fields": {"user": 30, "payment": 7, "order_number": "2023091460", "first_name": "Jesira", "last_name": "Sultana", "phone": "01975531175", "email": "ruhi.jesira@gmail.com", "address_line_1": "AAAA", "address_line_2": "BBBB", "country": "Bangladesh", "state": "Dhaka", "city": "Dhaka", "order_note": "", "order_total": 2.04, "tax": 0.04, "status": "New", "ip": "127.0.0.1", "is_ordered": true, "created_at": "2023-09-14T04:54:25.763Z", "updated_at": "2023-09-14T04:54:40.524Z"}}, {"model": "orders.order", "pk": 61, "fields": {"user": 30, "payment": 8, "order_number": "2023092461", "first_name": "Jesira", "last_name": "Sultana", "phone": "01975531175", "email": "ruhi.jesira@gmail.com", "address_line_1": "AAAA", "address_line_2": "BBBB", "country": "Bangladesh", "state": "Dhaka", "city": "Dhaka", "order_note": "", "order_total": 10.2, "tax": 0.2, "status": "New", "ip": "127.0.0.1", "is_ordered": true, "created_at": "2023-09-24T15:57:20.871Z", "updated_at": "2023-09-24T15:57:55.817Z"}}, {"model": "orders.order", "pk": 62, "fields": {"user": 30, "payment": 9, "order_number": "2023092462", "first_name": "Jesira", "last_name": "Sultana", "phone": "01975531175", "email": "ruhi.jesira@gmail.com", "address_line_1": "AAAA", "address_line_2": "BBBB", "country": "Bangladesh", "state": "Dhaka", "city": "Dhaka", "order_note": "", "order_total": 8.16, "tax": 0.16, "status": "New", "ip": "127.0.0.1", "is_ordered": true, "created_at": "2023-09-24T16:03:22.171Z", "updated_at": "2023-09-24T16:03:34.372Z"}}, {"model": "orders.order", "pk": 63, "fields": {"user": 30, "payment": 10, "order_number": "2023092563", "first_name": "Jesira", "last_name": "Sultana", "phone": "01975531175", "email": "ruhi.jesira@gmail.com", "address_line_1": "1", "address_line_2": "1", "country": "1", "state": "1", "city": "1", "order_note": "", "order_total": 15.3, "tax": 0.3, "status": "New", "ip": "127.0.0.1", "is_ordered": true, "created_at": "2023-09-25T09:00:27.733Z", "updated_at": "2023-09-25T09:00:53.009Z"}}, {"model": "orders.order", "pk": 64, "fields": {"user": 30, "payment": 11, "order_number": "2023092564", "first_name": "Jesira", "last_name": "Sultana", "phone": "01975531175", "email": "ruhi.jesira@gmail.com", "address_line_1": "1", "address_line_2": "1", "country": "1", "state": "1", "city": "1", "order_note": "", "order_total": 8.16, "tax": 0.16, "status": "New", "ip": "127.0.0.1", "is_ordered": true, "created_at": "2023-09-25T09:02:01.994Z", "updated_at": "2023-09-25T09:02:12.777Z"}}, {"model": "orders.orderproduct", "pk": 1, "fields": {"order": 54, "payment": 2, "user": 30, "product": 3, "quantity": 1, "product_price": 15.0, "ordered": true, "created_at": "2023-09-14T01:40:02.894Z", "updated_at": "2023-09-14T01:40:02.894Z"}}, {"model": "orders.orderproduct", "pk": 2, "fields": {"order": 56, "payment": 3, "user": 30, "product": 1, "quantity": 1, "product_price": 10.0, "ordered": true, "created_at": "2023-09-14T04:34:53.722Z", "updated_at": "2023-09-14T04:34:53.722Z"}}, {"model": "orders.orderproduct", "pk": 3, "fields": {"order": 57, "payment": 4, "user": 30, "product": 1, "quantity": 1, "product_price": 10.0, "ordered": true, "created_at": "2023-09-14T04:38:57.275Z", "updated_at": "2023-09-14T04:38:57.275Z"}}, {"model": "orders.orderproduct", "pk": 4, "fields": {"order": 58, "payment": 5, "user": 30, "product": 1, "quantity": 1, "product_price": 10.0, "ordered": true, "created_at": "2023-09-14T04:46:28.303Z", "updated_at": "2023-09-14T04:46:28.304Z"}}, {"model": "orders.orderproduct", "pk": 5, "fields": {"order": 59, "payment": 6, "user": 30, "product": 1, "quantity": 1, "product_price": 10.0, "ordered": true, "created_at": "2023-09-14T04:50:39.143Z", "updated_at": "2023-09-14T04:50:39.144Z"}}, {"model": "orders.orderproduct", "pk": 6, "fields": {"order": 60, "payment": 7, "user": 30, "product": 4, "quantity": 1, "product_price": 2.0, "ordered": true, "created_at": "2023-09-14T04:54:40.536Z", "updated_at": "2023-09-14T04:54:40.536Z"}}, {"model": "orders.orderproduct", "pk": 7, "fields": {"order": 61, "payment": 8, "user": 30, "product": 1, "quantity": 1, "product_price": 10.0, "ordered": true, "created_at": "2023-09-24T15:57:55.833Z", "updated_at": "2023-09-24T15:57:55.833Z"}}, {"model": "orders.orderproduct", "pk": 8, "fields": {"order": 62, "payment": 9, "user": 30, "product": 2, "quantity": 1, "product_price": 8.0, "ordered": true, "created_at": "2023-09-24T16:03:34.386Z", "updated_at": "2023-09-24T16:03:34.386Z"}}, {"model": "orders.orderproduct", "pk": 9, "fields": {"order": 63, "payment": 10, "user": 30, "product": 3, "quantity": 1, "product_price": 15.0, "ordered": true, "created_at": "2023-09-25T09:00:53.026Z", "updated_at": "2023-09-25T09:00:53.026Z"}}, {"model": "orders.orderproduct", "pk": 10, "fields": {"order": 64, "payment": 11, "user": 30, "product": 2, "quantity": 1, "product_price": 8.0, "ordered": true, "created_at": "2023-09-25T09:02:12.798Z", "updated_at": "2023-09-25T09:02:12.798Z"}}]